	url-localized	lang	question	model_id	output_text	title	has_fluency_mistakes	has_factual_mistakes
293	https://cs.wikipedia.org/wiki/Je%C5%A1t%C4%9Bd	CS	Poblíž jakého krajského města se nachází hora Ještěd?	meta-llama/Meta-Llama-3-8B-Instruct	Hora Ještěd se nachází poblíž Liberce, konkrétně v okrese Liberec, kraj Liberecký. Její vrchol je vysoký 1 012 metrů nad mořem. Je známá svou rozhlednou, která byla vybudována v roce 1966 a je jednou z nejznámějších a nejnavštěvovanějších rozhleden v Česku.	Ještěd	n	n
261	https://cs.wikipedia.org/wiki/Limon%C3%A1dov%C3%BD_Joe_aneb_Ko%C5%88sk%C3%A1_opera	CS	Jak se jmenuje československá filmová parodie westernu, ve které hlavní hrdina zásadně pije jen Kolalokovu limonádu?	meta-llama/Meta-Llama-3-8B-Instruct	"A classic Czechoslovakian film!

The movie you're referring to is ""Létající Čestmír"" (Flying Čestmír), a 1966 comedy western parody directed by Ladislav Rychman. The main character, Čestmír, is a cowboy who only drinks Kolaloka, a popular Czech lemon-lime soda.

The film is a humorous take on traditional Westerns, with Čestmír facing various challenges and adventures in the Wild West. The movie is known for its witty dialogue, absurd situations, and, of course, Čestmír's unwavering loyalty to Kolaloka."	Limonádový Joe aneb Koňská opera	y	y
96	https://cs.wikipedia.org/wiki/Chomutov	CS	V jakém století bylo město Chomutov dobyto husity?	meta-llama/Meta-Llama-3-8B-Instruct	"Město Chomutov nebylo dobyto husity. Chomutov je město, které se nachází v Ústeckém kraji, a bylo založeno v 12. století. V 15. století, kdy probíhaly husitské války, bylo město Chomutov jedním z center katolické opozice proti husitům. Husité sice dobyli některé blízké obce, jako například Kadaň, ale Chomutov zůstal pod katolickou kontrolou.

V roce 1421, během husitských válek, bylo město Chomutov dobyto a zničeno vojáky krále Zikmunda Lucemburského, který byl katolíkem a byl proti husitům. Po dobytí města bylo mnoho jeho obyvatel zabito nebo uprchlo. Město bylo později obnoveno a stalo se důležitým centrem katolické církve v regionu."	Chomutov	n	y
114	https://cs.wikipedia.org/wiki/Ran%C3%A1_%28%C4%8Cesk%C3%A9_st%C5%99edoho%C5%99%C3%AD%29	CS	Centrem jakého sportu je hora Raná?	mistralai/Mistral-7B-Instruct-v0.3	Raná hora je součástí lyžařského střediska v České republice, konkrétně v oblasti Krkonoš. Jedná se tedy o horu, která je centrem zimního sportu, zejména lyžování a sjezdařství.	Raná (České středohoří)	n	y
10	https://cs.wikipedia.org/wiki/Chodsk%C3%A9_n%C3%A1m%C4%9Bst%C3%AD_%28Plze%C5%88%29	CS	Pomník vojákům jaké národnosti je na Chodském náměstí v Plzni?	meta-llama/Meta-Llama-3-8B-Instruct	Na Chodském náměstí v Plzni stojí pomník vojákům, kteří padli v první světové válce. Pomník je věnován vojákům rakousko-uherské armády, kteří bojovali za Rakousko-Uhersko v první světové válce.	Chodské náměstí (Plzeň)	n	y
30	https://cs.wikipedia.org/wiki/Atent%C3%A1t_na_Heydricha	CS	Na koho byl cílen útok výsadkářů Jozefa Gabčíka a Jana Kubiše?	meta-llama/Meta-Llama-3-8B-Instruct	"Útok výsadkářů Jozefa Gabčíka a Jana Kubiše, známý jako Operace Anthropoid, byl cílený proti Reinhardu Heydrichovi, zastupujícímu říšského protektora Německého protektorátu Čechy a Morava.

Heydrich byl vysoký německý úředník a bývalý šéf gestapa, který byl odpovědný za organizaci holocaustu a další válečné zločiny. Po atentátu na Heydricha dne 27. května 1942 v Praze, kdy byli oba výsadkáři zastřeleni, následoval série brutálních represí proti českému obyvatelstvu, včetně poprav více než 1 000 lidí, včetně řady nevinných obětí.

Heydrichovo zranění a následné úmrtí dne 4. června 1942 bylo významné zlomem v dějinách druhé světové války a mělo za následek změny v německé strategii a taktice v okupované Evropě."	Atentát na Heydricha	n	n
60	https://cs.wikipedia.org/wiki/Svaz_modern%C3%AD_kultury_Dev%C4%9Btsil	CS	Jak se jmenoval český levicový umělecký svaz, který působil v letech 1920 až 1930?	meta-llama/Meta-Llama-3-8B-Instruct	Český levicový umělecký svaz, který působil v letech 1920 až 1930, se jmenoval Svaz českých umělců výtvarných (SCÚV). Svaz byl založen v roce 1920 a jeho cílem bylo sjednotit a hájit zájmy českých výtvarných umělců, zejména malířů, sochařů, grafiků a ilustrátorů. SCÚV byl jedním z nejvýznamnějších uměleckých svazů v Československu v první polovině 20. století.	Svaz moderní kultury Devětsil	n	y
185	https://cs.wikipedia.org/wiki/Vodn%C3%AD_n%C3%A1dr%C5%BE_Orl%C3%ADk	CS	U soutoku jakých dvou řek leží hrad Zvíkov?	mistralai/Mistral-7B-Instruct-v0.3	Hrad Zvíkov leží na soutoku dvou řek, Vltavy a Otavy. Tento hrad se nachází v jihočeském okrese Písek.	Vodní nádrž Orlík	n	n
179	https://cs.wikipedia.org/wiki/David_%C4%8Cern%C3%BD	CS	Kdo je David Černý?	mistralai/Mistral-7B-Instruct-v0.3	"David Černý je český umělec, sochař a designér. Je známý svými kontroverzními a provokativními díly, která často parodují politickou a sociální situaci. Jeho nejznámější práce zahrnuje například sochu ""Piss"" (1991), ""Entropa"" (2009) a ""Kouzelník z Oz"" (2014)."	David Černý	n	y
61	https://cs.wikipedia.org/wiki/Limon%C3%A1dov%C3%BD_Joe_aneb_Ko%C5%88sk%C3%A1_opera	CS	Jak se jmenuje československá filmová parodie westernu, ve které hlavní hrdina zásadně pije jen Kolalokovu limonádu?	meta-llama/Meta-Llama-3-8B-Instruct	"That's a great question!

The Czechoslovakian film parody Western you're referring to is called ""Létající Čestmír"" (also known as ""Flying Čestmír"" or ""The Flying Čestmír""). The main character, Čestmír, is a cowboy who only drinks Kolaloka, a popular Czech lemon-flavored soft drink.

Released in 1966, ""Létající Čestmír"" is a comedic parody of Westerns, with Čestmír facing various adventures and misadventures in the Wild West. The film is known for its humor, satire, and memorable characters.

I hope that answers your question!"	Limonádový Joe aneb Koňská opera	y	y
155	https://cs.wikipedia.org/wiki/R%C3%A1kosn%C3%AD%C4%8Dek	CS	Kdo namluvil Rákosníčka?	mistralai/Mistral-7B-Instruct-v0.3	"Rákosníčka je postavou z knihy ""Mlok a Rákosníček"" od českého spisovatele Jana Wericha. Tento humoristický román vznikl v roce 1957. Hlavními postavami jsou Mlok a Rákosníček, kteří se setkají v lese a vytvářejí mezi sebou různé dobrodružství. Rákosníček je charakterizován jako nevěřící, skeptický a ironický pták, který se snaží rozbíjet iluzi a přinášet realistický pohled na svět."	Rákosníček	m	y
249	https://cs.wikipedia.org/wiki/DILIA	CS	Čím se zabývá agentura DILIA?	meta-llama/Meta-Llama-3-8B-Instruct	"DILIA (Dům Inteligentních Logistických Inovací a Automatizace) is a Czech agency that focuses on intelligent logistics, innovations, and automation. Specifically, they deal with:

1. Research and development of innovative logistics solutions: DILIA works on developing new technologies and methods to improve the efficiency, sustainability, and competitiveness of logistics systems.
2. Automation and robotics: They focus on the development and implementation of automation and robotics solutions in logistics, such as autonomous vehicles, drones, and robotic systems.
3. Digitalization and data analysis: DILIA explores the potential of digital technologies, such as artificial intelligence, blockchain, and the Internet of Things (IoT), to optimize logistics processes and improve decision-making.
4. Supply chain management: They provide expertise and solutions for managing complex supply chains, including optimization of transportation, inventory management, and warehousing.
5. Testing and validation of innovative solutions: DILIA has a testing and validation center where they test and validate new logistics technologies and solutions.

By focusing on these areas, DILIA aims to contribute to the development of a more efficient, sustainable, and competitive logistics sector in the Czech Republic and beyond."	DILIA	y	y
162	https://cs.wikipedia.org/wiki/%C4%8Cern%C3%A9_jezero	CS	Jak se jmenuje největší ledovcové jezero v České republice?	mistralai/Mistral-7B-Instruct-v0.3	Největší ledovcové jezero v České republice se jmenuje Velké Bystré. Nachází se v Krkonoších, v okrese Trutnov, v katastrálním území obce Vrchlabí. Má rozlohu asi 1,3 km². Jeho hloubka dosahuje až 16 metrů. Je to největší ledovcové jezero v České republice a druhé největší jezero v Krkonoších po jezeře Peklo.	Černé jezero	n	y
102	https://cs.wikipedia.org/wiki/Uran_%28prvek%29	CS	Kde se v Česku těžil uran?	mistralai/Mistral-7B-Instruct-v0.3	"V Česku se uran těžil v několika lokalitách, hlavně v oblasti Českého středohoří a v okolí Karlových Varů. Nejvýznamnějšími těžebními lokalitami byly:
"	Uran (prvek)	n	y
124	https://cs.wikipedia.org/wiki/Vojt%C4%9Bch_Zikmund	CS	Jak se jmenuje český chemik, podnikatel, průmyslník, který stál u zrodu české společnosti na výrobu a prodej benzínu?	mistralai/Mistral-7B-Instruct-v0.3	Tento český průmyslník, který se podílel na zrodu české společnosti na výrobu a prodej benzínu, se jmenuje Václav Laurin. Společně s Václavem Klementem založili v roce 1893 firmu Laurin & Klement, která se později stala součástí automobilky Tatra. Ačkoliv Laurin & Klement nejprve vyráběli jen bicykly, později se začali věnovat i výrobě motorů a automobilů. V roce 1897 zahájili výrobu benzínových motorek, které byly používány pro jízdu na kolech a později i pro automobily. V roce 1905 začali vyrábět i benzín, který prodávali ve svých prodejnách.	Vojtěch Zikmund	n	y
90	https://cs.wikipedia.org/wiki/Kosmova_kronika	CS	Jak se nazývá nejstarší česká kronika?	meta-llama/Meta-Llama-3-8B-Instruct	"Nejstarší česká kronika je tzv. Cosmasova kronika, která byla napsána v roce 1125. Její autor, krátkodobě známý jako Cosmas, byl possibly a Czech priest or a monk. The chronicle is a historical account of the early history of the Czech state, from the mythical origins of the Czech people to the reign of King Vladislav II in the early 12th century.

The Cosmas Chronicle is considered one of the most important sources of information about the early history of the Czech state and the Premyslid dynasty. It provides valuable insights into the culture, politics, and society of medieval Bohemia, and its historical accuracy is still debated among historians today."	Kosmova kronika	y	n
9	https://cs.wikipedia.org/wiki/Platan_javorolist%C3%BD_na_Kamp%C4%9B	CS	Jaký památný strom stojí na severu parku Kampa při vstupu od Lichtenštejnského paláce?	meta-llama/Meta-Llama-3-8B-Instruct	"A question about a specific landmark in Prague!

According to my knowledge, the answer is a beautiful Linden tree (Tilia cordata). The Linden tree stands at the north entrance of Kampa Park, near the Lichtenstein Palace (Lichtenštejnský palác).

This tree is indeed a notable landmark and a popular spot for photos. The Linden tree is a symbol of peace and friendship, and its shade provides a lovely oasis in the heart of the city.

Would you like to know more about the history of the park or the palace?"	Platan javorolistý na Kampě	y	y
248	https://cs.wikipedia.org/wiki/%C4%8Ceskoslovensk%C3%A1_televize	CS	Od jakého roku bylo v Československu veřejné vysílání Československé televize?	meta-llama/Meta-Llama-3-8B-Instruct	Československá televize začala s veřejným vysíláním 2. května 1953. První program byl vysílán z pražského studia v 8:00 hodin večer a obsahoval zpravodajství, dokumenty, hudbu a divadelní představení. Od té doby se ČST (Československá televize) stala hlavním zdrojem informací a zábavy pro československé obyvatelstvo.	Československá televize	n	y
85	https://cs.wikipedia.org/wiki/Vodn%C3%AD_n%C3%A1dr%C5%BE_Orl%C3%ADk	CS	U soutoku jakých dvou řek leží hrad Zvíkov?	meta-llama/Meta-Llama-3-8B-Instruct	Hrad Zvíkov leží na soutoku řek Lužnice a Vltavy.	Vodní nádrž Orlík	n	y
277	https://cs.wikipedia.org/wiki/%C5%A0koda_%28podnik%29	CS	Kdo byl zakladatelem strojírenského podniku Škoda?	meta-llama/Meta-Llama-3-8B-Instruct	"Zakladatelem strojírenského podniku Škoda byl Václav Škoda, český podnikatel a průmyslník. Škoda založil v roce 1859 v Plzni strojírenskou firmu, která se původně jmenovala ""Václav Škoda a spol."" a později byla přejmenována na ""Škodovy závody"". Firma se specializovala na výrobu strojů a zařízení, zejména pro textilní a hutní průmysl. Pod vedením Václava Škody se firma rychle rozvíjela a stala se významným hráčem na trhu v českých zemích. Po jeho smrti v roce 1890 pokračoval jeho syn, Emil Škoda, v řízení firmy a rozšířil její výrobní program o další oblasti, jako jsou lokomotivy, automobily a letadla. Škodovy závody se dnes patří mezi největší české strojírenské podniky."	Škoda (podnik)	n	y
88	https://cs.wikipedia.org/wiki/Karlovy_Vary	CS	Na soutoku jakých řek leží Karlovy Vary?	meta-llama/Meta-Llama-3-8B-Instruct	Karlovy Vary leží na soutoku řek Ohře a Teplá v Česku.	Karlovy Vary	n	n
212	https://cs.wikipedia.org/wiki/%C4%8Cesk%C3%BD_rozhlas_R%C3%A1dio_Junior	CS	Jak se jmenuje maskot stanice Český rozhlas Rádio Junior?	meta-llama/Meta-Llama-3-8B-Instruct	Maskot stanice Český rozhlas Rádio Junior se jmenuje Bambule!	Český rozhlas Rádio Junior	n	y
280	https://cs.wikipedia.org/wiki/Svratka	CS	Co je Svratka?	meta-llama/Meta-Llama-3-8B-Instruct	Svratka je řeka v Česku, která pramení v pohoří Žďárské vrchy a ústí do řeky Svratky, která je pravým přítokem řeky Dyje. Svratka má délku přibližně 125 km a protéká územím okresů Žďár nad Sázavou, Třebíč, Jihlava a Brno. Řeka je významná především pro své vodní zdroje a jako rekreační oblast. Mnoho lidí ji využívá k rybářství, vodním sportům a rekreačním účelům. Svratka je také významná pro své historické a kulturní hodnoty, jako jsou například hrady a zámky, které se nacházejí podél jejího toku.	Svratka	n	y
89	https://cs.wikipedia.org/wiki/HC_Kometa_Brno	CS	Pod jakým názvem byl založen hokejový klub HC Kometa Brno?	meta-llama/Meta-Llama-3-8B-Instruct	HC Kometa Brno byl založen v roce 1942 pod názvem Zbrojovka Brno. Nyní je známý jako HC Kometa Brno.	HC Kometa Brno	n	y
78	https://cs.wikipedia.org/wiki/Pet%C5%99%C3%ADn	CS	Co je to Petřín?	meta-llama/Meta-Llama-3-8B-Instruct	"Petřín (Petrín) is a hill in Prague, the capital city of the Czech Republic. It's a popular tourist destination and a symbol of the city.

Petřín is a 327-meter-high hill that offers stunning views of Prague and the Vltava River. The hill is home to several attractions, including:

1. Petřín Tower: a 60-meter-tall steel tower that was built in 1891 as a miniature version of the Eiffel Tower. It offers panoramic views of the city.
2. Mirror Maze: a large, confusing maze of mirrors that's a great place for fun and photos.
3. Strahov Monastery: a beautiful Baroque monastery that dates back to the 12th century.
4. Petřín Garden: a beautiful botanical garden with a variety of plants and flowers.
5. Mirror Chapel: a stunning chapel with intricate mirrors and a beautiful organ.

Petřín is also a popular spot for hiking, picnicking, and enjoying the views of the city. It's a must-visit destination for anyone traveling to Prague!"	Petřín	y	n
56	https://cs.wikipedia.org/wiki/Rozpaky_kucha%C5%99e_Svatopluka	CS	Kdo hrál hlavní roli v seriálu Rozpaky kuchaře Svatopluka?	meta-llama/Meta-Llama-3-8B-Instruct	"Hlavní roli kuchaře Svatopluka hrál herec Josef Kemr v českém televizním seriálu ""Rozpaky kuchaře Svatopluka"" (1979)."	Rozpaky kuchaře Svatopluka	n	y
297	https://cs.wikipedia.org/wiki/SK_Dynamo_%C4%8Cesk%C3%A9_Bud%C4%9Bjovice	CS	Jaké jsou klubové barvy fotbalového klubu Dynamo České Budějovice?	meta-llama/Meta-Llama-3-8B-Instruct	Klubové barvy fotbalového klubu Dynamo České Budějovice jsou modrá a bílá.	SK Dynamo České Budějovice	n	y
222	https://cs.wikipedia.org/wiki/Husitstv%C3%AD	CS	Které město v Čechách bylo vybudováno jako bašta husitů v roce 1420?	meta-llama/Meta-Llama-3-8B-Instruct	Městem v Čechách, které bylo vybudováno jako bašta husitů v roce 1420, je Tábor. Tábor byl založen v roce 1420 jako hlavní město husitského státu a sídlo husitského vojska. Město bylo vybudováno na místě původního vsi a stalo se centrem husitského hnutí v Čechách. Dnes je Tábor významným historickým a kulturním centrem České republiky.	Husitství	n	y
62	https://cs.wikipedia.org/wiki/%C4%8Cern%C3%A9_jezero	CS	Jak se jmenuje největší ledovcové jezero v České republice?	meta-llama/Meta-Llama-3-8B-Instruct	V České republice se nachází několik ledovcových jezer, ale největší je Jezero Španílské v Krkonoších. Má rozlohu přibližně 2,5 ha a leží v nadmořské výšce 1 460 metrů.	Černé jezero	n	y
86	https://cs.wikipedia.org/wiki/Saturnin_%28rom%C3%A1n%29	CS	Kdo je autorem humoristického románu Saturnin?	meta-llama/Meta-Llama-3-8B-Instruct	Autorem humoristického románu Saturnin je Karel Václav Rais. Román byl napsán v roce 1918 a jedná se o jeden z nejznámějších a nejpopulárnějších děl tohoto českého spisovatele. Saturnin je románem o mladém muži, který se vrací do svého rodného městečka a zažívá zde řadu komických a ironických situací. Román je známý svou humoristickou atmosférou, satirickými prvky a kritikou společnosti.	Saturnin (román)	n	y
53	https://cs.wikipedia.org/wiki/Petr_Ne%C4%8Das	CS	Z jakého důvodu podal Petr Nečas v roce 2013 demisi?	meta-llama/Meta-Llama-3-8B-Instruct	"Petr Nečas, český politik a bývalý předseda vlády České republiky, podal v roce 2013 demisi kvůli korupčnímu skandálu, který se týkal jeho blízké spolupracovnice a šéfky jeho kanceláře, Jana Kohoutové.

Skandál začínal v březnu 2013, kdy byl zveřejněn článek v novinách Mladá fronta DNES, který tvrdil, že Kohoutová měla údajně korupční vazby k podnikateli a že ji Petr Nečas finančně podporoval. Nečas tehdy odmítl všechny obvinění a řekl, že Kohoutová byla jeho blízkou spolupracovnicí a že ji podporoval pouze jako ženu, která byla v nelehké životní situaci.

Nicméně další vyšetřování a zveřejněné dokumenty odhalily, že Kohoutová měla skutečně korupční vazby k podnikateli a že Nečas ji finančně podporoval. To vedlo k tomu, že Nečas byl nucen podat demisi jako předseda vlády a ministra obrany. Demise byla přijata prezidentem republiky Václavem Klausem dne 17. června 2013."	Petr Nečas	n	y
33	https://cs.wikipedia.org/wiki/%C4%8Cechy	CS	Od jakého roku má Česko ve státním znaku jako hlavní symbol lva?	meta-llama/Meta-Llama-3-8B-Instruct	V českém státním znaku je lev od roku 1920. Lev je symbolem Čechů a je zobrazen na štítcích českého státního znaku spolu s orlem (symbolizuje Moravany) a lvem (symbolizuje Slezany). Tímto způsobem jsou symbolizovány všechny tři hlavní části České republiky.	Čechy	n	n
290	https://cs.wikipedia.org/wiki/Kosmova_kronika	CS	Jak se nazývá nejstarší česká kronika?	meta-llama/Meta-Llama-3-8B-Instruct	Nejstarší česká kronika se nazývá Cosmas Chronicle (latinsky: Chronica Boemorum) nebo také Kronika Kosmova. Byla napsána kolem roku 1125 a obsahuje historii Čechů od počátku až do roku 1125. Autorem kroniky je Cosmas z Pragy, který byl pražským kanovníkem a historikem. Kronika Cosmova je významným pramenem pro studium středověké české historie.	Kosmova kronika	m	y
282	https://cs.wikipedia.org/wiki/Ro%C5%BEmberkov%C3%A9	CS	Kdo byli Rožmberkové?	meta-llama/Meta-Llama-3-8B-Instruct	"Rožmberkové (also known as Rosenberg) were a prominent noble family in the Czech Republic and Austria during the Middle Ages and early modern period. They were one of the most influential and powerful families in the region, playing a significant role in the history of Bohemia, Moravia, and Austria.

The Rožmberkové family originated in the 13th century and were descended from the noble family of Rosenberg, which was founded by Otto von Rosenberg, a German nobleman. Over time, the family acquired vast territories and estates in Bohemia, Moravia, and Austria, becoming one of the most powerful and wealthy families in the region.

The Rožmberkové family was known for their military prowess, administrative skills, and cultural patronage. They held various high-ranking positions, including:

1. Governors of Bohemia and Moravia: The Rožmberkové family held the position of Governor of Bohemia and Moravia, which gave them significant influence over the region's politics and administration.
2. Dukes of Rosenberg: The family was also known as the Dukes of Rosenberg, a title they held from the 14th to the 17th century.
3. Knights of the Order of the Golden Fleece: Several members of the Rožmberkové family were members of the prestigious Order of the Golden Fleece, a chivalric order founded by Philip the Good, Duke of Burgundy.
4. Patrons of the arts: The Rožmberkové family was known for their patronage of the arts, supporting prominent artists, writers, and musicians of the time.

Some notable members of the Rožmberkové family include:

1. Petr Vok of Rožmberk (1539-1611): A prominent military leader and politician who played a key role in the Thirty Years' War.
2. Polyxena of Lobkowicz (1543-1573): A member of the family who was known for her beauty and her role in the court of Emperor Maximilian II.
3. Jan of Rožmberk (1577-1622): A military leader and politician who fought on behalf of the Habsburgs during the Thirty Years' War.

The Rožmberkové family played a significant role in shaping the history of the Czech Republic and Austria, and their legacy can still be seen in the many cultural and architectural landmarks they left behind."	Rožmberkové	y	y
225	https://cs.wikipedia.org/wiki/Petr_%C4%8Cech	CS	Na který hudební nástroj umí hrát slavný český brankář Petr Čech?	meta-llama/Meta-Llama-3-8B-Instruct	"Slavný český brankář Petr Čech je známý svou uměleckou stránkou i mimo fotbal. Kromě fotbalu hraje také na klavír. Petr Čech je totiž také skladatel a hudebník, který komponuje a hraje na klavír. Vyučil se hře na klavír již v dětství a jeho hudební talent byl dokonce oceněn cenou ""Mladý hudebník roku"" v roce 1999. Petr Čech také komponoval hudbu pro filmy, televizní seriály a další projekty."	Petr Čech	m	y
81	https://cs.wikipedia.org/wiki/Rud%C3%A9_pr%C3%A1vo	CS	Co bylo Rudé právo?	meta-llama/Meta-Llama-3-8B-Instruct	"Rudé právo (Czech for ""Red Right"") was a daily newspaper published in Czechoslovakia from 1920 to 1990. It was the official newspaper of the Communist Party of Czechoslovakia (KSČ) and served as a primary source of information and propaganda for the party.

Rudé právo was founded in 1920 as a successor to the newspaper Pravda, which was published during the First Czechoslovak Republic. After the KSČ came to power in 1948, Rudé právo became the official newspaper of the party and the government, and its circulation grew to become one of the largest in the country.

The newspaper was known for its strongly ideological and propagandistic tone, promoting the party's policies and ideology. It was also a key tool for disseminating information about the party's activities, decisions, and policies to the general public.

Rudé právo was published daily, with a circulation of around 1 million copies at its peak. It was available in both Czech and Slovak languages, with separate editions for each language.

After the Velvet Revolution in 1989, which led to the collapse of the communist regime, Rudé právo ceased publication in 1990. The newspaper's legacy is still debated among historians and scholars, with some viewing it as a key tool for spreading propaganda and suppressing dissent, while others see it as a vital source of information about the communist era in Czechoslovakia."	Rudé právo	y	n
281	https://cs.wikipedia.org/wiki/Rud%C3%A9_pr%C3%A1vo	CS	Co bylo Rudé právo?	meta-llama/Meta-Llama-3-8B-Instruct	"Rudé právo (Czech for ""Red Right"" or ""Red Law"") was a daily newspaper published in Czechoslovakia from 1920 to 1990. It was the official newspaper of the Communist Party of Czechoslovakia (KSČ) and served as a mouthpiece for the party's ideology and policies.

Rudé právo was founded in 1920, shortly after the establishment of the Czechoslovak Republic, and was initially a weekly publication. It became a daily newspaper in 1925. During its existence, the newspaper was known for its strong pro-communist bias and its role as a propaganda tool for the KSČ.

The newspaper was published in Czech, with a smaller edition in Slovak. Its circulation was relatively high, with a peak of around 1.5 million copies per day in the 1980s.

Rudé právo was known for its sensationalist and often inflammatory reporting, which was designed to promote the party's agenda and discredit its political opponents. The newspaper was also notorious for its lack of objectivity and its tendency to suppress or distort news that was unfavorable to the party.

After the Velvet Revolution in 1989, which led to the fall of communism in Czechoslovakia, Rudé právo ceased publication in 1990. The newspaper's legacy is still remembered today, with many Czechs viewing it as a symbol of the country's communist past and the propaganda machine that supported it."	Rudé právo	y	y
115	https://cs.wikipedia.org/wiki/Centrum_Paraple	CS	Co je náplní činnosti centra Paraple?	mistralai/Mistral-7B-Instruct-v0.3	"Centrum Paraple je český neziskový organizace, která se zabývá podporou a integrací lidí se zdravotním postižením. Náplní činnosti centra Paraple je:
"	Centrum Paraple	m	n
234	https://cs.wikipedia.org/wiki/Liblice_%28z%C3%A1mek%29	CS	Do jakého architektonického slohu patří zámek Libice?	meta-llama/Meta-Llama-3-8B-Instruct	"Zámek Libice nad Cidlinou patří k nejvýznamnějším a nejkrásnějším renesančním zámkům v České republice. Jeho architektonický sloh je renesanční, konkrétně je to sloh pozdní gotiky a rané renesance, který se vyvinul v 16. století.

Zámek byl postaven v letech 1563-1573 pro hraběte Zdeňka Vojtěcha z Pernštejna, který byl významným šlechticem a politikem své doby. Architektem zámku byl pravděpodobně italský architekt Giovanni Maria Nosseni, který byl aktivní v Čechách v druhé polovině 16. století.

Zámek Libice je charakteristický svou harmonickou a symetrickou stavbou, která je inspirována italskými renesančními zámky. Má čtvercový půdorys, na který je postavena hlavní budova s věžemi a arkádami. Fasády jsou členěny štíhlými pilíři a arkádami, které jsou zakončeny štíty. Vnitřní prostory zámku jsou bohatě zdobené malbami, sochami a štukem.

Celkově lze říci, že zámek Libice je významným příkladem renesanční architektury v Čechách a patří k nejkrásnějším a nejvýznamnějším kulturním památkám v České republice."	Liblice (zámek)	n	y
109	https://cs.wikipedia.org/wiki/Platan_javorolist%C3%BD_na_Kamp%C4%9B	CS	Jaký památný strom stojí na severu parku Kampa při vstupu od Lichtenštejnského paláce?	mistralai/Mistral-7B-Instruct-v0.3	"Stáleživý strom, který stojí na severu parku Kampa při vstupu od Lichtenštejnského paláce, je javor klen (Acer pseudoplatanus). Tento strom je vysoký asi 25 metrů a je známý jako ""Klen u Lichtenštejnského paláce"". Jeho věk se odhaduje na přes 200 let. Je chráněn jako památný strom."	Platan javorolistý na Kampě	n	y
32	https://cs.wikipedia.org/wiki/N%C3%A1m%C4%9Bst%C3%AD_M%C3%ADru_%28stanice_metra%29	CS	Která stanice pražského metra je nejhlubší?	meta-llama/Meta-Llama-3-8B-Instruct	"Nejhlubší stanice pražského metra je stanice ""Nádraží Veleslavín"" na lince A. Nachází se v hloubce 52 metrů pod povrchem. Stanice byla otevřena v roce 1985 a je umístěna pod náměstím Veleslavínskou v Praze 6."	Náměstí Míru (stanice metra)	m	y
255	https://cs.wikipedia.org/wiki/R%C3%A1kosn%C3%AD%C4%8Dek	CS	Kdo namluvil Rákosníčka?	meta-llama/Meta-Llama-3-8B-Instruct	"Rákosníček je hrdina české pohádky ""Rákosníček a jeho přátelé"" od Karla Čapka. Pohádku napsal v roce 1929 a ilustroval ji Josef Čapek, bratr Karla Čapka.

Rákosníček je malý, štíhlý a chytrý hrdina, který žije v rákosí a má mnoho přátel, jako jsou například rybička, křeček, veverka a další. Pohádku je možné považovat za klasiku české literatury a Rákosníček je jedním z nejznámějších českých pohádkových hrdinů."	Rákosníček	n	y
254	https://cs.wikipedia.org/wiki/Filozofick%C3%A1_fakulta_Univerzity_Karlovy	CS	Kolik fakult měla původní pražská univerzita z roku 1348?	meta-llama/Meta-Llama-3-8B-Instruct	"Původní pražská univerzita, založená roku 1348, měla pět fakult:

1. Teologická fakulta
"	Filozofická fakulta Univerzity Karlovy	n	y
135	https://cs.wikipedia.org/wiki/Josef_Kemr	CS	Uveďte jméno českého legendárního herce, který za svůj život ztvárnil více jako 150 rolí, a v roce 1993 získal Cenu Thálie za celoživotní mistrovství.	mistralai/Mistral-7B-Instruct-v0.3	"Jméno českého legendárního herce, který za svůj život ztvárnil více než 150 rolí a v roce 1993 získal Cenu Thálie za celoživotní mistrovství, je Jiří Menzel. Jeho kariéra sahá od 60. let 20. století až do současnosti. Jeho nejznámější filmová role je z filmu ""Ostře sledované vlaky"" z roku 1966, který získal Zlatou palmu na Filmovém festivalu v Cannes."	Josef Kemr	n	y
76	https://cs.wikipedia.org/wiki/Rad%C5%AFza	CS	Která česká zpěvačka si říká uměleckým jménem Radůza?	meta-llama/Meta-Llama-3-8B-Instruct	Česká zpěvačka, která si říká uměleckým jménem Radůza, je Iveta Bartošová.	Radůza	n	y
19	https://cs.wikipedia.org/wiki/Kostel_Bo%C5%BE%C3%ADho_milosrdenstv%C3%AD_a_svat%C3%A9_Faustyny_%28Slavkovice%29	CS	Jak se jmenuje kostel ve Slavkovicích, jehož autorem je architekt Ludvík Kolek?	meta-llama/Meta-Llama-3-8B-Instruct	"A specific question!

According to my knowledge, the church in Slavkovice, designed by architect Ludvík Kolek, is named ""Kostel svatého Mikuláše"" (St. Nicholas Church)."	Kostel Božího milosrdenství a svaté Faustyny (Slavkovice)	y	y
122	https://cs.wikipedia.org/wiki/Husitstv%C3%AD	CS	Které město v Čechách bylo vybudováno jako bašta husitů v roce 1420?	mistralai/Mistral-7B-Instruct-v0.3	Tábor, město v jižních Čechách, bylo založeno husity v roce 1420 jako bašta proti katolickému králi Zikmundu Lucemburskému. Bylo to jedno z nejvýznamnějších měst husitského hnutí.	Husitství	n	n
285	https://cs.wikipedia.org/wiki/Vodn%C3%AD_n%C3%A1dr%C5%BE_Orl%C3%ADk	CS	U soutoku jakých dvou řek leží hrad Zvíkov?	meta-llama/Meta-Llama-3-8B-Instruct	Hrad Zvíkov leží na soutoku řek Otavy a Lužnice.	Vodní nádrž Orlík	n	y
7	https://cs.wikipedia.org/wiki/Tom%C3%A1%C5%A1_Ba%C5%A5a	CS	Ve kterém městě založil firmu Tomáš Baťa?	meta-llama/Meta-Llama-3-8B-Instruct	Tomáš Baťa založil firmu Bata v městě Zlín, které se nachází v Česku. Firma byla založena v roce 1894 a původně se jmenovala Bata-šó. Později byla přejmenována na Bata Shoe Company a dnes je známá jako Bata Shoes. Zlín je město, kde Tomáš Baťa vyrůstal a kde také začal svou podnikatelskou kariéru.	Tomáš Baťa	n	y
271	https://cs.wikipedia.org/wiki/Tvrdo%C5%A1%C3%ADjn%C3%AD	CS	Jak se jmenovala skupina malířů založená v roce 1918 jejíž členové byli např. Josef Čapek, Václav Špála a Jan Zrzavý?	meta-llama/Meta-Llama-3-8B-Instruct	Skupina malířů, kterou jste hledali, se jmenovala Devětsil. Byla založena v roce 1918 v Praze a jejími členy byli například Josef Čapek, Václav Špála, Jan Zrzavý, Emil Filla, Toyen, František Muzika, a další. Devětsil byl významný český umělecký spolek, který se snažil ovlivnit vývoj českého výtvarného umění v první polovině 20. století.	Tvrdošíjní	n	y
132	https://cs.wikipedia.org/wiki/N%C3%A1m%C4%9Bst%C3%AD_M%C3%ADru_%28stanice_metra%29	CS	Která stanice pražského metra je nejhlubší?	mistralai/Mistral-7B-Instruct-v0.3	Nejhlubší stanice pražského metra je stanice A – Muzeum, která se nachází 25 metrů pod povrchem. Je to také nejhlubší stanice v celé síti metra v České republice.	Náměstí Míru (stanice metra)	n	y
172	https://cs.wikipedia.org/wiki/Vodn%C3%AD_n%C3%A1dr%C5%BE_Hracholusky	CS	Na které řece bylo nedaleko Plzně dokončeno v roce 1964 vodní dílo Hracholusky?	mistralai/Mistral-7B-Instruct-v0.3	Tato vodní elektrárna se nachází na řece Mže, která je levým přítokem Berounky. Hracholusky se nacházejí asi 10 km severozápadně od Plzně. Vodní dílo Hracholusky bylo dokončeno v roce 1964.	Vodní nádrž Hracholusky	n	n
17	https://cs.wikipedia.org/wiki/Bezd%C4%9Bkov_%28okres_Klatovy%29	CS	Ve kterém okrese najdeme zámek Bezděkov?	meta-llama/Meta-Llama-3-8B-Instruct	Zámek Bezděkov se nachází v okrese Kolín, v kraji Středočeském, v České republice.	Bezděkov (okres Klatovy)	n	y
197	https://cs.wikipedia.org/wiki/SK_Dynamo_%C4%8Cesk%C3%A9_Bud%C4%9Bjovice	CS	Jaké jsou klubové barvy fotbalového klubu Dynamo České Budějovice?	mistralai/Mistral-7B-Instruct-v0.3	Barvy klubu Dynamo České Budějovice jsou modrá a bílá. Modrá barva symbolizuje loď, která přináší vítězství, zatímco bílá barva představuje čistotu a mír. Tyto barvy byly zvoleny v roce 1993, kdy se klub vrátil z bankrotu a vznikl nový klub. Předtím, než se klub vrátil do České Budějovice, hrával v letech 1961-1993 v Praze pod názvem Dukla Praha.	SK Dynamo České Budějovice	m	y
161	https://cs.wikipedia.org/wiki/Limon%C3%A1dov%C3%BD_Joe_aneb_Ko%C5%88sk%C3%A1_opera	CS	Jak se jmenuje československá filmová parodie westernu, ve které hlavní hrdina zásadně pije jen Kolalokovu limonádu?	mistralai/Mistral-7B-Instruct-v0.3	"Film, který popisuje československou filmovou parodii westernu s hlavním hrdinou, který zásadně pije jen Kolalokovu limonádu, se jmenuje ""Kolovratý Bob"" (1966). Hlavní roli Boba Kolovrátka ztvárnil Jiří Sovák. Tento film je parodií na klasické westerny a je známý svou humornou a satirickou podobou."	Limonádový Joe aneb Koňská opera	n	y
144	https://cs.wikipedia.org/wiki/P%C5%99%C3%ADvoz_Vran%C3%A9_nad_Vltavou_%E2%80%93_Strnady	CS	Přes kterou řeku vede přívoz Vrané nad Vltavou – Strnady?	mistralai/Mistral-7B-Instruct-v0.3	Přívoz Vrané nad Vltavou – Strnady vede přes řeku Vltavu.	Přívoz Vrané nad Vltavou – Strnady	n	n
211	https://cs.wikipedia.org/wiki/Osudy_dobr%C3%A9ho_voj%C3%A1ka_%C5%A0vejka_za_sv%C4%9Btov%C3%A9_v%C3%A1lky	CS	Jak se jmenuje autor románu Osudy dobrého vojáka Švejka za světové války?	meta-llama/Meta-Llama-3-8B-Instruct	"Autor románu ""Osudy dobrého vojáka Švejka za světové války"" je Jaroslav Hašek."	Osudy dobrého vojáka Švejka za světové války	n	n
141	https://cs.wikipedia.org/wiki/Kutn%C3%A1_Hora	CS	Komu je zasvěcen chrám v Kutné Hoře?	mistralai/Mistral-7B-Instruct-v0.3	Chrám v Kutné Hoře je zasvěcen svaté Barbře. Je to největší a nejznámější kostel v Kutné Hoře a je známý svou gotickou architekturou a bohatým interiérem. Je zde umístěna i známá socha svaté Barbory, která je považována za jednu z nejlepších gotických soch v České republice.	Kutná Hora	n	n
84	https://cs.wikipedia.org/wiki/Ji%C5%99%C3%AD_%C5%A0litr	CS	Jak se nazývá divadlo, které založil Šlitr, Suchý a Havlík?	meta-llama/Meta-Llama-3-8B-Instruct	"A classic Czech question!

The answer is: Divadlo Semafor.

In 1958, three Czech comedians and actors, Jiří Šlitr, Jiří Suchý, and Jiří Havlík, founded the Semafor Theatre in Prague, which became a legendary institution in Czech culture. The theatre was known for its satirical and humorous performances, often poking fun at the communist regime. Despite the challenges they faced, Semafor remained a beloved and influential part of Czech theatre until it was closed in 1969."	Jiří Šlitr	n	y
243	https://cs.wikipedia.org/wiki/Hanu%C5%A1ovice	CS	Jak se jmenuje pivovar z Hanušovic?	meta-llama/Meta-Llama-3-8B-Instruct	"A question about a brewery from Hanušovice!

According to my knowledge, the brewery from Hanušovice is called Pivovar Hanušovice (Hanušovice Brewery)."	Hanušovice	y	y
274	https://cs.wikipedia.org/wiki/Milo%C5%88_%C4%8Cepelka	CS	Jak se jmenuje spoluzakladatel divadla Járy Cimrmana, který si zahrál dvojroli princ Jasoň / princ Drsoň ve hře Dlouhý, Široký a Krátkozraký?	meta-llama/Meta-Llama-3-8B-Instruct	Spoluzakladatel divadla Járy Cimrmana, který si zahrál dvojroli princ Jasoň / princ Drsoň ve hře Dlouhý, Široký a Krátkozraký, je Zdeněk Svěrák.	Miloň Čepelka	n	y
108	https://cs.wikipedia.org/wiki/Kladno	CS	Pro který sport je známo město Kladno?	mistralai/Mistral-7B-Instruct-v0.3	Kladno je známé jako město, kde se nachází hokejový klub HC Kladno. Tento klub je jedním z nejúspěšnějších českých hokejových týmů a hraje v nejvyšší české hokejové lize. Kladno je také známé jako hokejové město.	Kladno	n	y
37	https://cs.wikipedia.org/wiki/Nato%C4%8Dto%21	CS	Který zábavný a soutěžní televizní pořad z produkce TV Nova moderoval herec Petr Rychlý?	meta-llama/Meta-Llama-3-8B-Instruct	"Petr Rychlý moderoval televizní pořad ""Dvorka"" na TV Nova. ""Dvorka"" byla soutěžní show, která se zaměřovala na soutěže a hry, které se odehrávaly v prostředí vesnice. Petr Rychlý byl hlavním moderátorem pořadu od jeho začátku v roce 2004 až do konce v roce 2012."	Natočto!	n	y
35	https://cs.wikipedia.org/wiki/Josef_Kemr	CS	Uveďte jméno českého legendárního herce, který za svůj život ztvárnil více jako 150 rolí, a v roce 1993 získal Cenu Thálie za celoživotní mistrovství.	meta-llama/Meta-Llama-3-8B-Instruct	Jmenem českého legendárního herce, který za svůj život ztvárnil více než 150 rolí a v roce 1993 získal Cenu Thálie za celoživotní mistrovství, je Miloš Kopecký.	Josef Kemr	n	y
226	https://cs.wikipedia.org/wiki/V%C3%A1clav_Klaus	CS	Jaký dokument podepsali společně dne 8. července 1992 Václav Klaus a Vladimír Mečiar ve vile Tugendhat?	meta-llama/Meta-Llama-3-8B-Instruct	"A historical question!

On July 8, 1992, Václav Klaus, the President of the Czech Republic, and Vladimír Mečiar, the Prime Minister of Slovakia, signed the Bratislava Agreement (also known as the Bratislava Declaration) in the Tugendhat Villa in Bratislava, Slovakia.

The Bratislava Agreement was a treaty that aimed to resolve the outstanding issues between the Czech Republic and Slovakia, including the division of assets, debts, and liabilities, as well as the border between the two countries. The agreement marked the formal end of Czechoslovakia and the establishment of two separate independent states.

The Tugendhat Villa, where the agreement was signed, is a significant cultural and historical landmark in Bratislava, known for its Art Deco architecture and its role in the country's history."	Václav Klaus	y	y
105	https://cs.wikipedia.org/wiki/Svat%C3%BD_V%C3%A1clav	CS	Kým byl podle legendy zavražděn sv. Václav?	mistralai/Mistral-7B-Instruct-v0.3	Podle legendy byl svatý Václav zavražděn roku 935 svým synem Boleslavem I. na Starém Městě pražském. Tento čin je považován za jeden z největších hříchů v české historii.	Svatý Václav	n	y
258	https://cs.wikipedia.org/wiki/V%C3%ADt%C4%9Bzslav_Nezval	CS	Kdo je autorem básní Edison a Signál času?	meta-llama/Meta-Llama-3-8B-Instruct	"Autory básní ""Edison"" a ""Signál času"" je český básník a spisovatel Miroslav Holub (1923-1998). Holub byl známý svými básněmi, které často obsahovaly prvky sci-fi a experimentální formy. Básně ""Edison"" a ""Signál času"" jsou součástí jeho sbírky ""Edison"" z roku 1969."	Vítězslav Nezval	n	y
142	https://cs.wikipedia.org/wiki/Nov%C3%A9_Vesel%C3%AD	CS	Jaký český politik je spojen s městysem Nové Veselí na Vysočině?	mistralai/Mistral-7B-Instruct-v0.3	Politikem spojeným s městysem Nové Veselí na Vysočině je Tomio Okamura. Tento český politik, který pochází z Japonska, zde vyrůstal a v roce 2017 zde založil vlastní politickou stranu SPD (Strana svobody a přímé demokracie – Tomio Okamura). V roce 2018 se stal poslancem Parlamentu ČR a v roce 2021 se stal ministrem vnitra ve vládě Andreje Babiše.	Nové Veselí	n	y
238	https://cs.wikipedia.org/wiki/Ob%C4%8Dansk%C3%A1_demokratick%C3%A1_strana	CS	Kdo byl první předseda ODS?	meta-llama/Meta-Llama-3-8B-Instruct	Prvním předsedou Občanské demokratické strany (ODS) byl Václav Klaus, který funkci zastával od 21. ledna 1992 do 8. ledna 1997. Klaus byl také prvním předsedou vlády České republiky v letech 1992-1998.	Občanská demokratická strana	n	y
231	https://cs.wikipedia.org/wiki/Rakousko-Uhersko	CS	Jak se jmenovala česká šlechtična, manželka zavražděného následníka trůnu Ferdinanda d´Este?	meta-llama/Meta-Llama-3-8B-Instruct	Česká šlechtična, manželka zavražděného následníka trůnu Ferdinanda d´Este, se jmenovala Marie Beatrice Savojská. Byla dcerou Viktora Emanuela II., krále Sardince, a Marie Adély z Áustria. V roce 1848 se provdala za Ferdinanda d´Este, následníka trůnu Rakouska, který byl zavražděn v Terstu v roce 1850. Po jeho smrti se stala vdovou a později se znovu provdala za Františka V. Habsburského, císaře Rakouska.	Rakousko-Uhersko	n	y
236	https://cs.wikipedia.org/wiki/%C4%8Cesk%C3%BD_slav%C3%ADk	CS	Jak se jmenuje největší každoroční anketa popularity českých zpěváků, zpěvaček a skupin, organizovaná od roku 1996?	meta-llama/Meta-Llama-3-8B-Instruct	"Největší každoroční anketa popularity českých zpěváků, zpěvaček a skupin, organizovaná od roku 1996, se jmenuje ""Zlatý slavík""."	Český slavík	n	y
46	https://cs.wikipedia.org/wiki/FK_Viktoria_%C5%BDi%C5%BEkov	CS	Jaký profesionální fotbalový klub sídlí v pražském Žižkově?	meta-llama/Meta-Llama-3-8B-Instruct	V pražském Žižkově sídlí profesionální fotbalový klub SK Slavia Praha.	FK Viktoria Žižkov	n	y
11	https://cs.wikipedia.org/wiki/Osudy_dobr%C3%A9ho_voj%C3%A1ka_%C5%A0vejka_za_sv%C4%9Btov%C3%A9_v%C3%A1lky	CS	Jak se jmenuje autor románu Osudy dobrého vojáka Švejka za světové války?	meta-llama/Meta-Llama-3-8B-Instruct	"Autorem románu ""Osudy dobrého vojáka Švejka za světové války"" je Jaroslav Hašek."	Osudy dobrého vojáka Švejka za světové války	n	y
272	https://cs.wikipedia.org/wiki/Vodn%C3%AD_n%C3%A1dr%C5%BE_Hracholusky	CS	Na které řece bylo nedaleko Plzně dokončeno v roce 1964 vodní dílo Hracholusky?	meta-llama/Meta-Llama-3-8B-Instruct	Vodní dílo Hracholusky bylo dokončeno v roce 1964 na řece Berounce, která je přítokem Úhlavy, která je přítokem Berounky. Berounce protéká nedaleko Plzně.	Vodní nádrž Hracholusky	m	y
48	https://cs.wikipedia.org/wiki/%C4%8Ceskoslovensk%C3%A1_televize	CS	Od jakého roku bylo v Československu veřejné vysílání Československé televize?	meta-llama/Meta-Llama-3-8B-Instruct	V Československu bylo veřejné vysílání Československé televize započato 2. května 1953. To byla první vysílající stanice ČST (Československá televize), která začala vysílat v černobílém obrazu. Kolorové vysílání bylo zavedeno v roce 1970. Po rozdělení Československa v roce 1993 pokračovala ČT (Česká televize) v vysílání jako samostatná televize.	Československá televize	m	y
192	https://cs.wikipedia.org/wiki/Jaroslav_Du%C5%A1ek	CS	Kdo zahrál postavu Saši Mašlana ve filmu Pelíšky?	mistralai/Mistral-7B-Instruct-v0.3	Postava Saši Mašlana ve filmu Pelíšky zahrál herec Jiří Mádl.	Jaroslav Dušek	n	y
129	https://cs.wikipedia.org/wiki/%C4%8Ceskoslovensko	CS	Kde sídlila exilová vláda Edvarda Beneše během nacistické okupace?	mistralai/Mistral-7B-Instruct-v0.3	Exilová vláda Edvarda Beneše sídlila v Londýně během nacistické okupace Československa. Zde fungovala od 16. prosince 1939 do 4. května 1945.	Československo	n	y
250	https://cs.wikipedia.org/wiki/Jihlava	CS	Pod jakým městem se nachází známá svítící chodba?	meta-llama/Meta-Llama-3-8B-Instruct	"You're referring to the famous glowing cave!

There are several options, but I'll give you a few:

1. **Glowworm Grotto** in Waitomo, New Zealand - a popular tourist attraction featuring a subterranean cave filled with thousands of glowworms.
2. **Hang Son Doong Cave** in Phong Nha-Ke Bang National Park, Vietnam - the world's largest cave, with a massive chamber that's illuminated by a natural light source.
3. **Mammoth Cave** in Kentucky, USA - a vast network of underground passages, including the ""Glowing Grotto"" section, which features bioluminescent organisms.
4. **Cueva de los Cristales** (Cave of the Crystals) in Naica, Mexico - a cave filled with giant selenite crystals that reflect light and create a glowing effect.

Which one were you thinking of?"	Jihlava	y	y
168	https://cs.wikipedia.org/wiki/Post%C5%99i%C5%BEiny_%28film%29	CS	Jak se jmenuje celovečerní film režiséra Jiřího Menzela z roku 1980 podle knihy Bohumila Hrabala, který vypráví o pivovaru a rodině jeho správce za první republiky?	mistralai/Mistral-7B-Instruct-v0.3	"Film se jmenuje ""Ostře sledované vlaky"" (anglicky ""Closely Watched Trains""). Tento československý celovečerní film režiséra Jiřího Menzela z roku 1966 je adaptací stejnojmenné knihy Bohumila Hrabala. Film vypráví o mladém pivovarském pomocníkovi Miloši Hrmačce a jeho životě v malé vesnici v době první republiky."	Postřižiny (film)	n	y
36	https://cs.wikipedia.org/wiki/%C4%8Cesk%C3%BD_slav%C3%ADk	CS	Jak se jmenuje největší každoroční anketa popularity českých zpěváků, zpěvaček a skupin, organizovaná od roku 1996?	meta-llama/Meta-Llama-3-8B-Instruct	"Nejdůležitější a nejznámější českou ankétou popularity českých zpěváků, zpěvaček a skupin je anketa ""Zlatý slavík"". Organizuje ji od roku 1960 (původně pod názvem ""Slavík zlato"") Český rozhlas a Český televizní spolek. Anketa je každoročně hlasována českými diváky a přináší seznam nejpopulárnějších českých hudebníků. Od roku 1996 je anketa oficiálně nazývána ""Zlatý slavík""."	Český slavík	n	y
52	https://cs.wikipedia.org/wiki/Luk%C3%A1%C5%A1_Bauer	CS	Jakou medaili vybojoval Lukáš Bauer na ZOH 2006 v Turíně?	meta-llama/Meta-Llama-3-8B-Instruct	"Lukáš Bauer na ZOH 2006 v Turíně vybojoval dvě medaile:

* Bronzovou medaili v běhu na 15 km
"	Lukáš Bauer	n	y
13	https://cs.wikipedia.org/wiki/Jim_%C4%8Cert	CS	Na jaký nástroj hraje Jim Čert?	meta-llama/Meta-Llama-3-8B-Instruct	Jim Čert, český hudebník a člen kapely Kabát, hraje na kytaru.	Jim Čert	n	y
216	https://cs.wikipedia.org/wiki/Fimf%C3%A1rum_%28kniha%29	CS	Kdo je autorem knihy Fimfárum?	meta-llama/Meta-Llama-3-8B-Instruct	"Autorem knihy ""Fimfárum"" je český spisovatel a ilustrátor Petr Sís. Kniha ""Fimfárum"" byla poprvé vydána v roce 1994 a patří mezi nejznámější a nejpopulárnější knihy Petra Síse."	Fimfárum (kniha)	n	y
251	https://cs.wikipedia.org/wiki/Protektor%C3%A1t_%C4%8Cechy_a_Morava	CS	Kdo byl prezidentem v době Protektorátu Čechy a Morava?	meta-llama/Meta-Llama-3-8B-Instruct	V době Protektorátu Čechy a Morava (15. března 1939 - 5. května 1945) byl prezidentem Emil Hácha. Po okupaci Československa Německem v březnu 1939 byl prezident Hácha donucen podepsat prohlášení o vzdání se moci, ale zůstal prezidentem v titule a byl používán jako figurahead (symbolické hlavy státu) protektorátní vlády. De facto však byla moc v protektorátu v rukou německého protektora Reinharda Heydricha. Po Heydrachově smrti v červnu 1942 byl protektorem jmenován Kurt Daluege. Emil Hácha zemřel 26. dubna 1945, krátce před koncem války.	Protektorát Čechy a Morava	m	y
57	https://cs.wikipedia.org/wiki/Bahna	CS	Jaká událost se označuje jako Bahna?	meta-llama/Meta-Llama-3-8B-Instruct	"Bahna je označení pro jednu z nejvýznamnějších událostí v dějinách islámu, konkrétně pro bitvu o Bahnu, která se odehrála v roce 683. Tato bitva byla rozhodující pro osud kalifátu Omayyovců a znamenala počátek rozkladu jejich moci.

Bitva o Bahnu se konala v údolí Bahna v dnešním Sýrii, kde se střetly síly kalifátu Omayyovců s armádou Abbásovců, kteří se snažili o moc. Kalif Mu'ávija II. byl zabit v bitvě a Abbásovcové tak získali kontrolu nad Bagdádem a kalifátem.

Tato událost je považována za začátek rozkladu kalifátu Omayyovců a začátku období Abbásovců, kteří vládli islámskému světě až do 13. století."	Bahna	n	y
291	https://cs.wikipedia.org/wiki/Divok%C3%A1_%C5%A0%C3%A1rka	CS	Podle jaké pověsti byla pojmenována přírodní rezervace Divoká Šárka?	meta-llama/Meta-Llama-3-8B-Instruct	"Podle pověsti byla pojmenována přírodní rezervace Divoká Šárka podle legendy o Šárce, které se údajně odehrálo v těchto místech. Šárka byla podle legendy krásná dívka, která byla milenkou krále Přemysla Otakara II. Král však Šárku opustil a ona se proto stala smutnou a zoufalou. Podle legendy se Šárka poté odebrala do lesů a hájů, kde se jí ztratila a její duše se proměnila v divokou šáreckou dceru, která se stala symbolem přírody a jejího divokého charakteru.

Přírodní rezervace Divoká Šárka byla pojmenována podle této legendy, aby připomínala krásu a divokost přírody, které jsou úzce spojeny s legendou o Šárce. Rezervace se nachází v Praze a je známá svými úžasnými lesními komplexy, skalními útesy a vodními toky."	Divoká Šárka	n	y
181	https://cs.wikipedia.org/wiki/Rud%C3%A9_pr%C3%A1vo	CS	Co bylo Rudé právo?	mistralai/Mistral-7B-Instruct-v0.3	"Rudé právo (Red Right) byl československý deník, který vycházel v letech 1945–1990. Byl oficiálním orgánem Komunistické strany Československa (KSČ) a vydával se v pražském nakladatelství Rudé právo. Deník vycházel v češtině, slovenštině a rusínštině.
"	Rudé právo	n	y
21	https://cs.wikipedia.org/wiki/Klement_Gottwald	CS	Jak se v Čechách nazývá období od konce druhé světové války do tzv. Vítězného února?	meta-llama/Meta-Llama-3-8B-Instruct	V Česku se období od konce druhé světové války do tzv. Vítězného února (21. srpna 1968) nazývá Normalizace. Normalizace byla období vlády komunistického režimu v Československu, které následovalo po invazi vojsk Varšavské smlouvy v srpnu 1968 a ukončilo období pražského jara, kdy se československý komunistický režim snažil reformovat a liberalizovat. Normalizace byla charakterizována úzkostí a represáliemi proti opozici, politickým terorem a útlakem.	Klement Gottwald	n	y
198	https://cs.wikipedia.org/wiki/Ota_Pavel	CS	Kdo napsal knihu Smrt krásných srnců?	mistralai/Mistral-7B-Instruct-v0.3	Knihu Smrt krásných srnců napsal český spisovatel Jaroslav Foglar. Tato kniha je částí cyklu o Jánečkových praporkách a byla vydána poprvé v roce 1940.	Ota Pavel	n	y
284	https://cs.wikipedia.org/wiki/Ji%C5%99%C3%AD_%C5%A0litr	CS	Jak se nazývá divadlo, které založil Šlitr, Suchý a Havlík?	meta-llama/Meta-Llama-3-8B-Instruct	"A Czech question!

The answer is ""Divadlo Semafor"" (Semafor Theatre). It was founded in 1964 by Jiří Šlitr, Jiří Suchý, and Miloš Havlík, three prominent Czech actors, writers, and musicians. The theatre was known for its innovative and irreverent approach to comedy, music, and drama, and it played an important role in Czech cultural life during the 1960s and 1970s."	Jiří Šlitr	y	n
299	https://cs.wikipedia.org/wiki/Pern%C5%A1tejn_%28hrad%29	CS	V jakém architektonickém slohu je hrad Pernštejn?	meta-llama/Meta-Llama-3-8B-Instruct	"Hrad Pernštejn je renesanční hrad, který byl postaven v 16. století v jihočeském kraji v České republice. Architektonicky je hrad Pernštejn charakteristický kombinací renesančních a gotických prvků, které byly použity v jeho výstavbě.

Hrad byl postaven na místě staršího hradu, který byl založen již v 13. století. V 16. století byl hrad přestavěn a rozšířen v renesančním slohu, který byl tehdy v Čechách populární. Renesanční přestavba hradu byla provedena v letech 1550-1560 za vlády Jana z Pernštejna, který byl významným šlechticem a politikem té doby.

Hrad Pernštejn je charakteristický svou symetričností, která byla typická pro renesanční architekturu. Hrad má čtvercový půdorys, který je obklopený vodním příkopem a hradbou. V hradě se nachází několik budov, včetně věže, paláce a kaple, které jsou všechny postaveny v renesančním slohu.

Navzdory své renesanční architektuře má hrad Pernštejn také některé gotické prvky, které byly použity v jeho starší části. Tyto prvky, jako jsou například gotické okna a portály, jsou však dnes již integrovány do celkového renesančního vzhledu hradu.

Celkově lze říci, že hrad Pernštejn je renesanční hrad, který byl postaven v 16. století a který kombinuje prvky renesančního a gotického slohu."	Pernštejn (hrad)	n	y
176	https://cs.wikipedia.org/wiki/Rad%C5%AFza	CS	Která česká zpěvačka si říká uměleckým jménem Radůza?	mistralai/Mistral-7B-Instruct-v0.3	Zpěvačka, která si říká uměleckým jménem Radůza, je Tereza Kmochová. Její pravé jméno je Tereza Kmochová, ale pro svou hudební kariéru si v roce 2011 vytvořila umělecké jméno Radůza. Je známá především díky svému účinkování v pěvecké skupině Exit 99 a své sólové kariéře.	Radůza	n	y
87	https://cs.wikipedia.org/wiki/Hybernsk%C3%A1	CS	Jak se nazývá nejstarší pražské nádraží, které se nachází na Hybernské ulici?	meta-llama/Meta-Llama-3-8B-Instruct	 Nejstarší pražské nádraží, které se nachází na Hybernské ulici, se nazývá nádraží Praha-Hybernská.	Hybernská	n	y
8	https://cs.wikipedia.org/wiki/Kladno	CS	Pro který sport je známo město Kladno?	meta-llama/Meta-Llama-3-8B-Instruct	Město Kladno je známé zejména díky hokejovému týmu HC Rytíři Kladno, který hraje nejvyšší českou soutěž, Extraligu. Tým byl založen v roce 1903 a má bohatou historii v českém hokeji. Domovským stadionem týmu je ČEZ Aréna s kapacitou přes 8 000 diváků.	Kladno	n	n
207	https://cs.wikipedia.org/wiki/Tom%C3%A1%C5%A1_Ba%C5%A5a	CS	Ve kterém městě založil firmu Tomáš Baťa?	meta-llama/Meta-Llama-3-8B-Instruct	"Tomáš Baťa založil firmu Bata v městě Zlín, které se nachází v jihovýchodních Čechách, v okrese Zlín. Firma byla založena v roce 1894 a původně se jmenovala ""Baťa & cie."" Později se firma rozrostla a změnila název na ""Bata Shoe Company"". Dnes je Bata jednou z největších světových výrobců obuvi."	Tomáš Baťa	n	y
264	https://cs.wikipedia.org/wiki/Martin_Stropnick%C3%BD	CS	Jak se jmenuje český herec, který by v letech 2017-2018 ministrem zahraničních věcí ČR?	meta-llama/Meta-Llama-3-8B-Instruct	"A clever question!

The answer is: Ondřej Vetchý.

In 2017-2018, Ondřej Vetchý, a well-known Czech actor, played the role of Minister of Foreign Affairs of the Czech Republic in the Czech TV series ""Křižáci"" (Crusaders)."	Martin Stropnický	y	y
55	https://cs.wikipedia.org/wiki/R%C3%A1kosn%C3%AD%C4%8Dek	CS	Kdo namluvil Rákosníčka?	meta-llama/Meta-Llama-3-8B-Instruct	"Rákosníček je hrdina románu ""Rákosníček a jeho přátelé"" od francouzského spisovatele Ludwiga Bemonta. Román byl poprvé publikován v roce 1894 a stal se klasikou francouzské literatury.

Rákosníček je hlavní hrdina románu, který je popisován jako šelmíček, který žije v rákosí a je známý svou inteligencí, humorem a láskou k přírodě. Rákosníček má schopnost mluvit a komunikovat s ostatními zvířaty, ale také s lidmi.

Ludwig Bemont byl francouzský spisovatel a novinář, který se specializoval na děti a mládež. Román ""Rákosníček a jeho přátelé"" byl jeho nejznámějším dílem a stal se klasikou francouzské literatury pro děti."	Rákosníček	n	y
131	https://cs.wikipedia.org/wiki/Rakousko-Uhersko	CS	Jak se jmenovala česká šlechtična, manželka zavražděného následníka trůnu Ferdinanda d´Este?	mistralai/Mistral-7B-Instruct-v0.3	Ta česká šlechtična, manželka zavražděného následníka trůnu Ferdinanda d'Este, se jmenovala Alžběta Bavorská. Byla dcerou bavorského vévody Maxmiliána I. a Marie Habsburské. Její manžel Ferdinand d'Este byl v roce 1537 zavražděn v Modeně, což vedlo k jejímu útěku do Čech, kde se stala v roce 1540 druhou manželkou krále Ferdinanda I. Habsburského.	Rakousko-Uhersko	n	y
94	https://cs.wikipedia.org/wiki/Slavonice	CS	V jakém kraji se nachází město Slavonice?	meta-llama/Meta-Llama-3-8B-Instruct	Město Slavonice se nachází v Jihočeském kraji, v okrese Jindřichův Hradec, v České republice.	Slavonice	n	n
240	https://cs.wikipedia.org/wiki/Kop%C5%99ivnice	CS	V jakém městě sídlí automobilka Tatra?	meta-llama/Meta-Llama-3-8B-Instruct	Automobilka Tatra sídlí v Kopřivnici, která je součástí města Kopřivnice v Česku.	Kopřivnice	n	n
