	fi_url	lang	question	model_id	output_text	title	has_fluency_mistakes	has_factual_mistakes
27	https://fi.wikipedia.org/wiki/Nižni_Tagil	FI	Millä alueella Nižni Tagil sijaitsee?	LumiOpen/Poro-34B-chat	Nizhni Tagil on kaupunki Uralin alueella Venäjällä. Se sijaitsee noin 400 kilometriä Moskovasta itään, ja se on osa Jekaterinburgin suurkaupunkialuetta. Kaupunki sijaitsee kaakkoon Uralvuoristosta, ja se on tärkeä rautateiden solmukohta ja teollisuuskeskus. Nizhni Tagil tunnetaan terästehtaistaan ja muista raskaista teollisuuslaitoksistaan, ja se on myös tärkeä kulttuurinen ja koulutuksellinen keskus alueella.	下塔吉尔	n	y
150	https://fi.wikipedia.org/wiki/Ruskopäävaris	FI	Tavataanko ruskopäävarista Suomessa?	LumiOpen/Poro-34B-chat	Kyllä, ruskopäävarista tavataan Suomessa. Se on yleinen lintu koko maassa, lukuun ottamatta pohjoisimpia osia. Ruskopäävaris on paikkalintu, eli se ei muuta pois Suomesta talveksi. Se on tunnettu sen älykkäästä käytöksestä ja uteliaasta luonteesta, ja se on suosittu lintuharrastajien ja valokuvaajien keskuudessa.	Ruskopäävaris	n	y
537	https://fi.wikipedia.org/wiki/Theano	FI	Mitkä keksinnöt luetaan Theanon suurimmiksi ansioiksi?	Finnish-NLP/llama-7b-finnish-instruct-v0.2	Theanon suurimpia keksintöjä ovat hänen panoksensa optiikkaan ja optiikan teoriaan. Hän kehitti ensimmäisen linssin, joka pystyi muuttamaan kuvan kokoa ja muotoa, ja hän kehitti ensimmäisen teleskoopin, joka pystyi tarkentamaan kuvia kaukaisiin kohteisiin. Hänen panoksensa optiikan teoriaan näkyy hänen työssään valon taittumisen ja dispersion, valon polarisaation ja valon interferenssin aloilla. 	Theano	n	y
484	https://fi.wikipedia.org/wiki/Domantas_Sabonis	FI	Mitä seuraa Domantas Sabonis edustaa?	Finnish-NLP/llama-7b-finnish-instruct-v0.2	Domantas Sabonis edustaa Liettuan tasavaltaa. 	Domantas Sabonis	n	n
524	https://fi.wikipedia.org/wiki/Karen_Percy	FI	Missä alppihiihdon lajeissa Karen Percy saavutti pronssimitalinsa vuoden 1988 olympialaisissa?	Finnish-NLP/llama-7b-finnish-instruct-v0.2	Pronssimitali saavutettiin alppihiihdon lajeissa suurpujottelussa ja pujottelussa. 	Karen Percy	y	y
394	https://fi.wikipedia.org/wiki/Dzjanis_Paljakou	FI	Mitä joukkuetta Dzjanis Paljakou edustaa?	Finnish-NLP/llama-7b-finnish-instruct-v0.2	Dzjanis Paljakou edustaa venäläistä jalkapallojoukkuetta Zenit Pietaria. 	Dzjanis Paljakou	m	y
184	https://fi.wikipedia.org/wiki/Nintendo_Classic_Mini	FI	Minkä muiden pelikonsolien ohjaimia Nintendo Classic Mini -pelikonsoli tukee?	LumiOpen/Poro-34B-chat	Nintendo Classic Mini -ohjain on suunniteltu toimimaan vain Nintendo Classic Mini -pelikonsolin kanssa. Se ei ole yhteensopiva muiden pelikonsolien, kuten PlayStationin, Xboxin tai Nintendo Switchin, kanssa. Jos kuitenkin etsit vaihtoehtoja klassisten Nintendo-pelien pelaamiseen, voit harkita emulaattoreiden käyttöä tietokoneellasi tai kannettavalla laitteellasi. Tämä antaa sinulle mahdollisuuden käyttää erilaisia ohjaimia, mukaan lukien mukautettuja vaihtoehtoja, jotka on suunniteltu jäljittelemään klassisia Nintendo-ohjaimia. Muista kuitenkin, että emulaattorit eivät välttämättä tarjoa samaa pelikokemusta kuin alkuperäinen konsoli.	Nintendo Classic Mini	n	n
214	https://fi.wikipedia.org/wiki/Ruotsin_merivoimat	FI	Montako aselajia Ruotsin merivoimiin kuuluu?	Finnish-NLP/llama-7b-finnish-instruct-v0.2	Ruotsin merivoimiin kuuluu yksi aselaji, laivasto. 	Swedish Navy	m	y
268	https://fi.wikipedia.org/wiki/Kaiser_Chiefs	FI	Onko Kaiser Chiefsin musiikkia käytetty videopeleissä?	Finnish-NLP/llama-7b-finnish-instruct-v0.2	"Kyllä, Kaiser Chiefsin musiikkia on käytetty videopeleissä. Yhtyeen musiikkia on käytetty muun muassa videopeleissä ""The Last Guy"", ""The Last of Us"" ja ""The Last of Us Part 2"". "	Kaiser Chiefs	n	y
231	https://fi.wikipedia.org/wiki/Synnytys	FI	Mitä tarkoitetaan raivotarjonnalla?	Finnish-NLP/llama-7b-finnish-instruct-v0.2	Raivotarjonnassa vauva on kohdussa pää alaspäin (kasvot äidin vatsaa kohti). Se on yleisin synnytysasento, ja noin 85 prosenttia vauvoista syntyy raivotarjonnassa. 	Förlossning	n	y
93	https://fi.wikipedia.org/wiki/Sakata	FI	Missä prefektuurissa Sakata sijaitsee?	LumiOpen/Poro-34B-chat	Sakata sijaitsee Yamagatan prefektuurissa, joka on yksi Japanin 47 prefektuurista. Yamagata sijaitsee Tohokun alueella Honshun saarella, ja sen pääkaupunki on Yamagata City. Sakata on puolestaan kaupunki Yamagatan prefektuurissa ja se on prefektuurin toiseksi suurin kaupunki.	酒田市	n	n
502	https://fi.wikipedia.org/wiki/Linja_8_(Pariisin_metro)	FI	Milloin Pariisin metron linja 8 avattiin?	Finnish-NLP/llama-7b-finnish-instruct-v0.2	Pariisin metron linja 8 avattiin virallisesti 1. huhtikuuta 1960. 	Ligne 8 du métro de Paris	n	y
532	https://fi.wikipedia.org/wiki/Jomsviikingit	FI	Kenen kerrotaan perustaneen jomsviikinkien veljeskunnan?	Finnish-NLP/llama-7b-finnish-instruct-v0.2	Islantilaisen runoilijan Snorri Sturlusonin mukaan jomsviikinkien veljeskunnan perusti Jómin viikinkikuningas Freyrgeirr vuonna 870 jKr. 	Jomsviikingit	m	y
576	https://fi.wikipedia.org/wiki/Microsoft_Edge	FI	Mikä oli Microsoft Edgen koodinimi?	Finnish-NLP/llama-7b-finnish-instruct-v0.2	"Microsoft Edgen koodinimi oli ""Blink"". "	Microsoft Edge	n	y
172	https://fi.wikipedia.org/wiki/Charles_Camilleri	FI	Mistä Charles Camilleri on pääosin tunnettu?	LumiOpen/Poro-34B-chat	Charles Camilleri on tunnettu hahmo Maltan politiikassa. Hän oli Maltan työväenpuolueen johtaja vuosina 1998–2018 ja Maltan parlamentin jäsen vuosina 1996–2019. Hänet tunnetaan pitkäaikaisena Maltan pääministerinä, ja hän oli Maltan pääministeri vuosina 1998–2003 ja uudelleen vuodesta 2013 vuoteen 2018. Hän oli myös Maltan valtiovarainministeri vuosina 1994–1998.	Charles Camilleri	n	y
140	https://fi.wikipedia.org/wiki/Mark_Warner	FI	Mitä osavaltiota Mark Warner edustaa Yhdysvaltain senaatissa?	LumiOpen/Poro-34B-chat	Mark Warner on yhdysvaltalainen poliitikko ja Virginian osavaltion entinen kuvernööri. Hän on edustanut Virginiaa Yhdysvaltain senaatissa vuodesta 2012 lähtien.	Mark Warner	n	y
220	https://fi.wikipedia.org/wiki/Captain_Morgan	FI	Mistä vuodesta lähtien Captain Morgania on valmistettu?	Finnish-NLP/llama-7b-finnish-instruct-v0.2	Captain Morgan on ollut markkinoilla vuodesta 1963 lähtien. 	Captain Morgan	n	y
355	https://fi.wikipedia.org/wiki/Altadena	FI	Kuinka paljon lunta Altadenassa keskimäärin sataa vuodessa?	Finnish-NLP/llama-7b-finnish-instruct-v0.2	Altadenassa sataa vuosittain keskimäärin noin 480 tuumaa lunta. 	Altadena	n	y
546	https://fi.wikipedia.org/wiki/HMY_Britannia	FI	Monesko kuninkaallinen huvijahti HMY Britannia on?	Finnish-NLP/llama-7b-finnish-instruct-v0.2	HMY Britannia on Britannian kuninkaallisen laivaston ainoa jäljellä oleva kuninkaallinen huvijahti. 	HMY Britannia	n	n
389	https://fi.wikipedia.org/wiki/Miehitetty_Japani	FI	Mihin Japanin historian aikakauteen Japanin miehitys ajoittui?	Finnish-NLP/llama-7b-finnish-instruct-v0.2	Japanin miehitys oli Japanin keisarikunnan toisen maailmansodan aikana suorittama sotilaallinen miehitys useissa Euroopan maissa. 	Occupation du Japon	n	y
169	https://fi.wikipedia.org/wiki/Mies_joka_itki	FI	Kuka näytteli Fegele Abramovichin hahmoa elokuvassa Mies joka itki?	LumiOpen/Poro-34B-chat	Mies, joka itki -elokuvan Fegele Abramovichia näytteli Anatoli Karanovitš.	Mies joka itki	n	y
255	https://fi.wikipedia.org/wiki/Gergely_Kulcsár	FI	Missä järjestetyissä EM-kilpailuissa Gergely Kulcsár voitti ensimmäisen arvokisamitalinsa?	Finnish-NLP/llama-7b-finnish-instruct-v0.2	Gergely Kulcsár voitti ensimmäisen arvokisamitalinsa vuoden 1976 EM-kilpailuissa Sofiassa, Bulgariassa. 	Gergely Kulcsár	n	y
276	https://fi.wikipedia.org/wiki/Gunnar_Asplund	FI	Mitkä ovat Gunnar Asplundin tunnetuimmat työt?	Finnish-NLP/llama-7b-finnish-instruct-v0.2	Gunnar Asplund oli ruotsalainen arkkitehti ja muotoilija, joka tunnettiin minimalistisista ja funktionalistisista töistään. Hänen tunnetuimpia töitään ovat Asplundhuset Tukholman Brommassa, Asplundhuset Tukholman Brommassa, Asplundhuset Tukholman Brommassa, Asplundhuset Tukholman Brommassa, Asplundhuset Tukholman Brommassa, Asplundhuset Tukholman Brommassa, Asplundhuset Tukholman Brommassa, Asplundhuset Tukholman Brommassa, Asplundhuset Tukholman Brommassa, Asplundhuset Tukholman Brommassa, Asplundhuset Tukholman Brommassa, Asplundhuset Tukholman Brommassa, Asplundhuset Tukholman Brommassa, Asplundhuset Tukholman Brommassa, Asplundhuset Tukholman Brommassa, Asplundhuset Tukholman Brommassa, Asplundhuset Tukholman Brommassa, Asplundhuset Tukholman Brommassa, Asplundhuset Tukholman Brommassa, Asplundhuset Tukholman Brommassa, Asplundhuset Tukholman Brommassa, Asplundhuset Tukholman Brommassa, Asplundhuset Tukholman Brommassa, Asplundhuset Tukholman Brommassa, Asplundhuset Tukholman Brommassa, Asplundhuset Tukholman Brommassa, Asplundhuset Tukholman Brommassa, Asplundhuset Tukholman Brommassa, Asplundhuset Tukholman Brommassa, Asplundhuset Tukholman Brommassa, Asplundhuset Tukholman Brommassa, Asplundhuset Tukholman Brommassa, Asplundhuset Tukholman Brommassa, Asplundhuset Tukholman Brommassa, Asplundhuset Tukholman Brommassa, Asplundhuset Tukholman Brommassa, Asplundhuset Tukholman Brommassa, Asplundhuset Tukholman Brommassa, Asplundhuset Tukholman Brommassa, Asplundhuset Tukholman Brommassa, Asplundhuset Tukholman Brommassa, Asplundhuset Tukholman Brommassa, Asplundhuset Tukholman Brommassa, Asplundhuset Tukholman Brommassa, Asplundhuset Tukholman Brommassa, Asplundhuset Tukholman Brommassa, Asplundhuset Tukholman Brommassa, Asplundhuset Tukholman Brommassa, Asplundhuset Tukholman Brommassa, Asplundhuset Tukholman Brommassa, Asplundhuset Tukholman Brommassa, Asplundhuset Tukholman Brommassa, Asplundhuset Tukholman Brommassa, Asplundhuset Tukholman Bro	Gunnar Asplund	y	y
291	https://fi.wikipedia.org/wiki/Tammenkäävät	FI	Mikä on tammenkääpä?	Finnish-NLP/llama-7b-finnish-instruct-v0.2	Tammen juurikääpä on sieni, joka elää tammen juurissa ja aiheuttaa tammen kuoleman. 	Tammenkäävät	n	y
298	https://fi.wikipedia.org/wiki/Maroilles	FI	Mistä Maroilles valmistetaan?	Finnish-NLP/llama-7b-finnish-instruct-v0.2	Maroilles on perinteinen ranskalainen jälkiruoka, joka on valmistettu munankeltuaisista, sokerista ja maidosta. Ne valmistetaan yleensä munankeltuaisista, sokerista ja maidosta. 	Maroilles	m	y
594	https://fi.wikipedia.org/wiki/Kaksikäyttötuote	FI	Mitä kaksikäyttötuotteella tarkoitetaan?	Finnish-NLP/llama-7b-finnish-instruct-v0.2	Kaksikäyttötuotteella tarkoitetaan tuotetta, jota voidaan käyttää sekä rauhanomaisiin että vihamielisiin tarkoituksiin. 	Kaksikäyttötuote	n	n
51	https://fi.wikipedia.org/wiki/Adolf_Galland	FI	Missä tehtävissä Adolf Gallandin kaksi veljeä toimi toisessa maailmansodassa?	LumiOpen/Poro-34B-chat	Adolf Gallandin kaksi veljeä, Otto ja Rudolf, palvelivat myös Saksan ilmavoimissa (Luftwaffe) toisen maailmansodan aikana. Otto Galland oli majuri ja hävittäjälentäjä, joka kuoli taistelussa Britanniasta vuonna 1940. Rudolf Galland oli Luftwaffen kenttätuomioistuimen tuomari, ja hän palveli koko sodan ajan.	阿道夫·加兰德	n	y
512	https://fi.wikipedia.org/wiki/Kalervo_Rauhala	FI	Minkä lajin olympiamitalisti Kalervo Rauhala on?	Finnish-NLP/llama-7b-finnish-instruct-v0.2	Kalervo Rauhala on keihäänheiton olympiamitalisti. 	Kalervo Rauhala	n	y
621	https://fi.wikipedia.org/wiki/Li_(kiinalainen_kosmologia)	FI	Mitä li tarkoittaa kiinalaisessa kosmologiassa?	Finnish-NLP/llama-7b-finnish-instruct-v0.2	Li on kiinalaisessa kosmologiassa maailmankaikkeuden perusperiaate, maailmankaikkeuden perusperiaate. Li edustaa maailmankaikkeuden kokonaisenergiaa, maailmankaikkeuden kokonaisvoimaa. Li on maailmankaikkeuden perustavanlaatuinen periaate, joka ylläpitää maailmankaikkeuden rakennetta ja järjestystä. 	Li (kiinalainen kosmologia)	y	y
256	https://fi.wikipedia.org/wiki/Victoire_Tomegah_Dogbé	FI	Kuka oli Togon ensimmäinen naispääministeri?	Finnish-NLP/llama-7b-finnish-instruct-v0.2	Togon ensimmäinen naispääministeri oli Togon ensimmäinen naispääministeri Marie Louise Amoussou. Hän toimi pääministerinä vuosina 2006-2007. 	Victoire Tomegah Dogbé	y	y
376	https://fi.wikipedia.org/wiki/Hammasjuuri	FI	Millainen kukka hammasjuurella on?	Finnish-NLP/llama-7b-finnish-instruct-v0.2	Hammasjuuri on lihansyöjäkasvi, jolla on erityinen rakenne, jota kutsutaan hammasjuureksi. Hammasjuuri on kasvin suu, joka imee ravintoaineita saaliistaan. Hammasjuuri on kehittynyt erikoistuneeksi rakenteeksi, jonka avulla kasvi voi vangita ja sulattaa pieniä hyönteisiä ja muita pieniä eläimiä, joita se kohtaa luonnossa. 	Hammasjuuri	n	y
405	https://fi.wikipedia.org/wiki/Carlo_Gozzi	FI	Minkä näytelmäkirjallisuuden alalajin kirjoittajana Carlo Gozzi pääosin tunnetaan?	Finnish-NLP/llama-7b-finnish-instruct-v0.2	Carlo Gozzi tunnetaan parhaiten komedioistaan. 	Carlo Gozzi	n	n
414	https://fi.wikipedia.org/wiki/Nokia_E5	FI	Kenen käyttöön Nokian E5-malli pääasiallisesti suunniteltiin?	Finnish-NLP/llama-7b-finnish-instruct-v0.2	Nokian E5-malli on suunniteltu yrityskäyttäjille, jotka tarvitsevat vankkaa puhelinta. Puhelimessa on kestävä muotoilu, siinä on täysimittainen QWERTY-näppäimistö ja se tukee yritystason sähköposti- ja kalenteriominaisuuksia. Lisäksi siinä on GPS-ominaisuus ja 3G-yhteys, joten se on ihanteellinen valinta niille, jotka tarvitsevat luotettavan ja tehokkaan puhelimen työkäyttöön. 	Nokia E5	n	n
304	https://fi.wikipedia.org/wiki/Kyle_Korver	FI	Missä joukkueessa Kyle Korver aloitti ammattilaisuransa?	Finnish-NLP/llama-7b-finnish-instruct-v0.2	Kyle Korver aloitti ammattilaisuransa New York Giantsissa. 	Kyle Korver	n	y
478	https://fi.wikipedia.org/wiki/The_Eternal_Idol	FI	Mitä Black Sabbath -yhtyeen The Eternal Idol -albumin kansitaiteessa esiintyville malleille tapahtui?	Finnish-NLP/llama-7b-finnish-instruct-v0.2	"Albumin kansikuvassa esiintyneet mallit olivat kaikki mukana musiikkibisneksessä, ja heidän uransa etenivät hyvin. Yksi malleista, Lisa Fischer, esiintyi myöhemmin Guns N' Rosesin ""Use Your Illusion"" -kiertueen aikana, ja toinen malli, Lisa Fischer, esiintyi myöhemmin Guns N' Rosesin ""Use Your Illusion"" -kiertueen aikana. "	The Eternal Idol	y	y
558	https://fi.wikipedia.org/wiki/Arts_%26_Humanities_Citation_Index	FI	Keskittyykö Taiteiden ja humanististen tieteiden viittausindeksi (A&HCI) ainoastaan taiteen ja humanististen tieteiden oppiaineisiin?	Finnish-NLP/llama-7b-finnish-instruct-v0.2	Ei, A&HCI keskittyy taiteiden ja humanististen tieteiden viittausindeksiin (A&HCI). Se ei kuitenkaan kata kaikkia tieteenaloja. Esimerkiksi luonnontieteiden, tekniikan ja lääketieteen viittausindeksejä (A&HCI) ei ole vielä kehitetty. 	Arts & Humanities Citation Index	n	y
225	https://fi.wikipedia.org/wiki/Chance_the_Rapper	FI	Mikä on Chance the Rapperin oikea nimi?	Finnish-NLP/llama-7b-finnish-instruct-v0.2	Chance the Rapper on oikea nimi. 	饶舌者钱斯	n	y
39	https://fi.wikipedia.org/wiki/CP-vamma	FI	Milloin vietetään Maailman CP-päivää?	LumiOpen/Poro-34B-chat	Maailman Cerebral Palsy -päivä on joka vuosi 6. lokakuuta. Se on päivä, jolloin lisätään tietoisuutta CP-vammasta ja sen vaikutuksista lapsiin ja aikuisiin ympäri maailmaa.	腦性麻痺	n	y
129	https://fi.wikipedia.org/wiki/Iisot	FI	Mihin heimoon iisot kuuluvat?	LumiOpen/Poro-34B-chat	Iisot ovat kasveja, jotka kuuluvat auringonkukkakasvien heimoon (Asteraceae). Auringonkukkakasvien heimo on suuri ja monipuolinen, ja siihen kuuluu monia tuttuja kasveja, kuten auringonkukat, päivänkakkarat ja asters. Iisot ovat kotoisin trooppisesta Afrikasta, ja niitä käytetään usein koristekasveina niiden kauniiden kukkien vuoksi. Niitä on myös käytetty perinteisesti lääkekasveina.	Idiot	m	y
347	https://fi.wikipedia.org/wiki/Pallohyppiäiset	FI	Mitä pallohyppiäiset ovat?	Finnish-NLP/llama-7b-finnish-instruct-v0.2	Pallohyppiäiset ovat pieniä, hoikkia hyönteisiä, jotka elävät pääasiassa puissa. Ne ovat väriltään yleensä vihreitä, ja niillä on kaksi paria jalkoja, joissa on pallomaiset päät. Niiden siivet ovat yleensä mustat, ja ne pystyvät hyppäämään pitkiä matkoja. Ne ovat hyödyllisiä pölyttäjiä, sillä ne auttavat levittämään siitepölyä kukasta kukkaan. 	Pallohyppiäiset	n	y
213	https://fi.wikipedia.org/wiki/Hamilton_Academical_FC	FI	Mikä on Hamilton Academical FC:n kotikenttä?	Finnish-NLP/llama-7b-finnish-instruct-v0.2	Hamilton Academical FC pelaa kotiottelunsa Hamilton Community Stadiumilla, joka sijaitsee Hamiltonissa, Ontariossa. 	Hamilton Academical F.C.	n	y
438	https://fi.wikipedia.org/wiki/Chance_the_Rapper	FI	Mikä on Chance the Rapperin oikea nimi?	Finnish-NLP/llama-7b-finnish-instruct-v0.2	Chance the Rapper on oikea nimi. 	饶舌者钱斯	n	y
421	https://fi.wikipedia.org/wiki/Carl_Löwenhielm	FI	Kuka oli Carl Löwenhielmin isä?	Finnish-NLP/llama-7b-finnish-instruct-v0.2	Carl Löwenhielmin isä oli Johan Löwenhielm. 	Carl Löwenhielm	n	y
610	https://fi.wikipedia.org/wiki/Sagar	FI	Millä lisänimellä Sagaria toisinaan kutsutaan?	Finnish-NLP/llama-7b-finnish-instruct-v0.2	"Sagaria kutsutaan joskus myös ""Sagaran kuninkaaksi"". "	Sagar	n	y
508	https://fi.wikipedia.org/wiki/HSC_Cs%C3%ADkszereda	FI	Missä lajissa HSC Csíkszereda kilpailee? 	Finnish-NLP/llama-7b-finnish-instruct-v0.2	Csíkszereda kilpailee esteratsastuksessa. 	HSC Csíkszereda	n	y
281	https://fi.wikipedia.org/wiki/Noonie_Bao	FI	Millä nimellä Jonnali Mikaela Parmenius paremmin tunnetaan?	Finnish-NLP/llama-7b-finnish-instruct-v0.2	Jonnali Mikaela Parmenius on tunnettu paremmin nimellä Jonnali. 	Noonie Bao	n	y
284	https://fi.wikipedia.org/wiki/Peter_Iwers	FI	Ketkä Peter Iwers on maininnut musiikillisiksi vaikutteikseen?	Finnish-NLP/llama-7b-finnish-instruct-v0.2	Peter Iwers on maininnut musiikillisiksi vaikutteikseen monia eri artisteja ja yhtyeitä. Joitakin tärkeimpiä ovat Bob Dylan, Neil Young, The Beatles, The Rolling Stones, The Clash, The Cure, ja The Cure. 	Peter Iwers	m	y
500	https://fi.wikipedia.org/wiki/Äänihäiriö	FI	Mihin luokkiin äänihäiriöt voidaan luokitella?	Finnish-NLP/llama-7b-finnish-instruct-v0.2	Äänihäiriöt voidaan luokitella sen mukaan, mikä ne aiheuttaa, mihin ne vaikuttavat ja miten niitä hoidetaan. Äänihäiriöitä voivat olla esimerkiksi dysfonia (käheys), dysphonia (käheys), dysphonia (käheys), dysfonia (käheys), dysfonia (käheys), dysfonia (käheys), dysfonia (käheys), dysfonia (käheys), dysfonia (käheys), dysfonia (käheys), dysfonia (käheys), dysfonia (käheys), dysfonia (käheys), dysfonia (käheys), dysfonia (käheys), dysfonia (käheys), dysfonia (käheys), dysfonia (käheys), dysfonia (käheys), dysfonia (käheys), dysfonia (käheys), dysfonia (käheys), dysfonia (käheys), dysfonia (käheys), dysfonia (käheys), dysfonia (käheys), dysfonia (käheys), dysfonia (käheys), dysfonia (käheys), dysfonia (käheys), dysfonia (käheys), dysfonia (käheys), dysfonia (käheys), dysfonia (käheys), dysfonia (käheys), dysfonia (käheys), dysfonia (käheys), dysfonia (käheys), dysfonia (käheys), dysfonia (käheys), dysfonia (käheys), dysfonia (käheys), dysfonia (käheys), dysfonia (käheys), dysfonia (käheys), dysfonia (käheys), dysfonia (käheys), dysfonia (käheys), dysfonia (käheys), dysfonia (käheys), dysfonia (käheys), dysfonia (käheys), dysfonia (käheys), dysfonia (käheys), dysfonia (käheys), dysfonia (käheys), dysfonia (käheys), dysfonia (käheys), dysfonia (käheys), dysfonia (käheys), dysfonia (käheys), dysfonia (käheys), dysfonia (käheys), dysfonia (käheys), dysfonia (käheys), dysfonia (käheys), dysfonia (käheys), dysfonia (käheys), dysfonia (käheys), dysfonia (	Äänihäiriö	y	y
485	https://fi.wikipedia.org/wiki/Alfred_Plé	FI	Missä lajissa Alfred Plé edusti Ranskaa vuoden 1920 kesäolympialaisissa?	Finnish-NLP/llama-7b-finnish-instruct-v0.2	Alfred Plé edusti Ranskaa vuoden 1920 kesäolympialaisissa nyrkkeilyssä. 	Alfred Plé	n	y
466	https://fi.wikipedia.org/wiki/Folorunsho_Alakija	FI	Kuka on Folorunsho Alakija?	Finnish-NLP/llama-7b-finnish-instruct-v0.2	"Folorunsho Alakija on nigerialainen kirjailija ja aktivisti. Hän on kirjoittanut useita kirjoja, muun muassa ""The Slave Girl"" ja ""The Slave Girl's Daughter"", jotka käsittelevät naisten sortoa ja orjuutta. "	Folorunsho Alakija	n	y
267	https://fi.wikipedia.org/wiki/Länsi-Ateena	FI	Mikä on Länsi-Ateenan hallinnollinen keskus?	Finnish-NLP/llama-7b-finnish-instruct-v0.2	Länsi-Ateenan hallinnollinen keskus on Pagkrátin alue, joka sijaitsee Ateenan keskustassa. 	Länsi-Ateena	n	y
379	https://fi.wikipedia.org/wiki/Terengganun_lippu	FI	Kuvaile lyhyesti Terengganun lippu.	Finnish-NLP/llama-7b-finnish-instruct-v0.2	Terengganun lippu on Malesian Terengganun osavaltion virallinen lippu. Se koostuu kolmesta vaakasuorasta raidasta, jotka edustavat osavaltion kolmea pääaluetta: pohjoista, etelää ja länttä. Lipun keskellä on valkoinen tähti, joka edustaa osavaltion pääkaupunkia, Kuala Lumpuria. 	Terengganun lippu	n	y
342	https://fi.wikipedia.org/wiki/Vuonankaalit	FI	Mihin kasviheimoon vuonankaalit kuuluvat?	Finnish-NLP/llama-7b-finnish-instruct-v0.2	Vuonankaalit kuuluvat ristikukkaisten heimoon. 	Vuonankaalit	n	y
205	https://fi.wikipedia.org/wiki/FK_Astana-1964	FI	Mikä oli FK Astana-1964:n alkuperäinen nimi?	Finnish-NLP/llama-7b-finnish-instruct-v0.2	FK Astana-1964 oli Neuvostoliiton jalkapalloseura Astana, joka perustettiin vuonna 1964. Se pelasi Neuvostoliiton korkeimmalla sarjatasolla vuosina 1964-1989, jolloin se muutti nimensä FK Astana-1964:ksi. 	FK Astana-1964	n	y
587	https://fi.wikipedia.org/wiki/Nykyaikainen_viisiottelu	FI	Kuka kehitti nykyaikaisen viisiottelun?	Finnish-NLP/llama-7b-finnish-instruct-v0.2	Nykyaikaisen viisiottelun perusti vuonna 1889 paroni de Coubertin. 	Nykyaikainen viisiottelu	n	y
40	https://fi.wikipedia.org/wiki/Mesoplodon_traversii	FI	Mikä on mesoplodon traversiin suomenkielinen nimi?	LumiOpen/Poro-34B-chat	Mesoplodon traversi on suomeksi etelänmustavalaat.	铲齿中喙鲸	n	y
341	https://fi.wikipedia.org/wiki/Maailman_shakkiliitto	FI	Mikä on Maailman shakkiliiton motto?	Finnish-NLP/llama-7b-finnish-instruct-v0.2	"Maailman shakkiliiton (World Chess Federation, WCF) motto on ""The World Chess is our Business"" (Maailman shakki on liiketoimintamme). "	Maailman shakkiliitto	n	y
101	https://fi.wikipedia.org/wiki/Dioumaténé	FI	Mitkä ovat Dioumaténén yleisimmät kielet?	LumiOpen/Poro-34B-chat	"Dioumatené on Länsi-Afrikan maassa Guineassa puhuttava mandariinikiinan murre. Se on yksi neljästä Guineassa puhuttavasta mandariinikiinan murteesta, muut ovat Jingpo, Lu ja Mulao. Dioumatenéa puhutaan pääasiassa Nzérékorén alueella, joka sijaitsee maan eteläosassa, ja sitä puhuu noin 50 000 ihmistä.

Virallinen kieli Guineassa on ranska, mutta mandariinikiina on myös laajalti käytössä erityisesti liike-elämässä ja hallinnossa."	Dioumaténé	n	y
188	https://fi.wikipedia.org/wiki/Karlsbadin_asetukset	FI	Minkä aatteiden rajoittamiseksi Karlsbadin asetukset säädettiin?	LumiOpen/Poro-34B-chat	Karlsbadin asetukset olivat sarja lakeja, jotka Habsburgien monarkia sääti vuonna 1819 rajoittaakseen salaisten seurojen ja salaliittojen toimintaa, joita pidettiin uhkana sen vallalle. Asetukset nimettiin Bad Karlsbadin kylpyläkaupungin mukaan, jossa ne allekirjoitettiin. Asetuksissa kiellettiin kaikki salaseurat ja yhdistykset, joiden tavoitteena oli kumota Habsburgien valta, tai edistää poliittisia tai uskonnollisia ideologioita, jotka olivat ristiriidassa keisarikunnan etujen kanssa. Asetukset kriminalisoivat salaisen kokoontumisen, salaisen kirjeenvaihdon ja kaikenlaisen salaliiton keisaria tai keisarillista valtaa vastaan. Ne asettivat ankaria rangaistuksia näiden määräysten rikkomisesta, mukaan lukien maastakarkotus ja omaisuuden takavarikointi. Karlsbadin asetukset olivat merkittävä tukahduttamisen väline Habsburgien monarkian vastaisia liikkeitä vastaan ja niitä käytettiin tukahduttamaan liberaaleja, demokraattisia ja nationalistisia liikkeitä 1800-luvun Keski-Euroopassa.	Karlsbadin asetukset	n	y
452	https://fi.wikipedia.org/wiki/CP-vamma	FI	Milloin vietetään Maailman CP-päivää?	Finnish-NLP/llama-7b-finnish-instruct-v0.2	Maailman CP-päivää vietetään vuosittain 6. lokakuuta. 	腦性麻痺	n	y
560	https://fi.wikipedia.org/wiki/Pallohyppiäiset	FI	Mitä pallohyppiäiset ovat?	Finnish-NLP/llama-7b-finnish-instruct-v0.2	Pallohyppiäiset ovat pieniä, hoikkia hyönteisiä, jotka muistuttavat muodoltaan palloa. Ne elävät metsissä ja muissa tiheissä elinympäristöissä, ja niitä tavataan yleisesti myös puutarhoissa ja puistoissa. Ne ovat aktiivisia yöllä, ja niitä houkuttelevat valot ja äänet. Pallohyppiäiset ovat hyödyllisiä pölyttäjiä, sillä ne auttavat levittämään siitepölyä kukista toiseen. 	Pallohyppiäiset	n	y
301	https://fi.wikipedia.org/wiki/Dioumaténé	FI	Mitkä ovat Dioumaténén yleisimmät kielet?	Finnish-NLP/llama-7b-finnish-instruct-v0.2	Dioumaténéssa puhutaan useita kieliä, joista yleisimmät ovat ranska, djula, djula-béni ja djula-béni (kutsutaan myös nimellä djula-béni tai djula-béni n'goula). Ranskan kieltä puhutaan yleisesti Dioumaténén pääkaupungissa, kun taas djula-béniä ja djula-béni n'goulaa puhutaan ympäröivällä alueella. 	Dioumaténé	n	y
131	https://fi.wikipedia.org/wiki/Geoffroi_de_Villehardouin	FI	Kenen kreivin alaisena Geoffroi de Villehardouin toimi muun muassa Peloponnesoksen ruhtinaana?	LumiOpen/Poro-34B-chat	Geoffroi de Villehardouin palveli useiden kreivien alaisuudessa, mukaan lukien Robert II:n, joka oli Ranskan kuningas Filip II:n veli ja joka oli naimisissa Englannin kuninkaan Henrik II:n sisaren kanssa. Geoffroi oli myös Ranskan kuninkaan Ludvig VII:n ja Englannin kuninkaan Henrik III:n palveluksessa.	Geoffroi de Villehardouin	n	y
377	https://fi.wikipedia.org/wiki/Daler_Mehndi	FI	Mikä Daler Mehndin laulu on tunnettu videopelistä World of Warcraft?	Finnish-NLP/llama-7b-finnish-instruct-v0.2	"World of Warcraftin virallinen tunnuslaulu on ""The Battle for Azeroth"", jonka on säveltänyt ja esittänyt yhdysvaltalainen metalliyhtye DragonForce. "	Daler Mehndi	n	y
102	https://fi.wikipedia.org/wiki/Valesapelihammaskissat	FI	Mistä valesapelihammaskissojen fossiileja on löydetty?	LumiOpen/Poro-34B-chat	Valehammaskissojen fossiileja on löydetty Pohjois-Amerikasta, erityisesti Yhdysvaltojen ja Kanadan länsiosista. Niitä on löydetty myös Etelä-Amerikasta, Meksikosta ja Kuubasta. Fossiileja on löydetty useista eri kerrostumista, jotka ovat peräisin myöhäiseltä mioseenikaudelta (noin 11 miljoonaa vuotta sitten) varhaiselle pleistoseenikaudelle (noin 1,8 miljoonaa vuotta sitten).	獵貓科	n	y
454	https://fi.wikipedia.org/wiki/Al-Khobar	FI	Minkä seurauksena Al-Khobar perustettiin?	Finnish-NLP/llama-7b-finnish-instruct-v0.2	Al-Khobar on kaupunki Saudi-Arabiassa. Se perustettiin alun perin vuonna 1637 nimellä Al-Qhobar, ja se nimettiin uudelleen Al-Khobariksi vuonna 1791. Kaupunki sijaitsee Al-Qhobar-joen suulla Punaisenmeren rannalla. Al-Khobar on tärkeä satamakaupunki, ja sillä on merkittävä rooli Saudi-Arabian taloudessa. 	Khobar	n	y
63	https://fi.wikipedia.org/wiki/BMW_X2	FI	Missä BMW X2:n konsepti esiteltiin?	LumiOpen/Poro-34B-chat	BMW X2 -konsepti esiteltiin vuoden 2017 Detroit Motor Show'ssa.	BMW X2	n	y
368	https://fi.wikipedia.org/wiki/Stryn_(taajama)	FI	Miksi Stryn taajaman keskustaa kutsutaan?	Finnish-NLP/llama-7b-finnish-instruct-v0.2	Stryn taajaman keskustaa kutsutaan Stryn keskustaksi. 	Stryn (taajama)	n	y
88	https://fi.wikipedia.org/wiki/Formentera	FI	Mistä Formentera tunnetaan?	LumiOpen/Poro-34B-chat	Formentera on pieni saari Välimerellä, joka tunnetaan upeista rannoistaan, kristallinkirkkaista vesistään ja rikkaasta biodiversiteetistään. Se on osa Baleaarien saaria ja sijaitsee aivan Ibizan saaren vieressä. Formentera on yksi Espanjan suosituimmista lomakohteista, ja se tunnetaan erityisesti upeista rannoistaan, kuten La Savina, Cala Llombards ja Cala Sant Francesc. Saarella on myös rikas kulttuuriperintö, ja siellä on useita historiallisia kohteita ja maamerkkejä, kuten Es Castellin arkeologinen alue ja Sant Ferranin luostari. Formentera on myös suosittu kohde vesiurheilusta, kuten purjehduksesta ja sukelluksesta, kiinnostuneille.	福门特拉岛	n	y
387	https://fi.wikipedia.org/wiki/Hevoskastanja	FI	Tuottaako hevoskastanja syötävän hedelmän?	Finnish-NLP/llama-7b-finnish-instruct-v0.2	Hevoskastanja ei tuota syötävää hedelmää. Se on puu, joka tuottaa kukkia ja siemeniä, mutta ei hedelmiä. 	Aesculus hippocastanum	n	y
406	https://fi.wikipedia.org/wiki/Gordon_Strachan	FI	Mikä on Gavin Strachanin isän ammatti?	Finnish-NLP/llama-7b-finnish-instruct-v0.2	Gavin Strachanin isän ammattia ei tiedetä. 	Gordon Strachan	n	y
399	https://fi.wikipedia.org/wiki/Tateyama	FI	Mitä merkittäviä elinkeinoja Tateyamalla on turismin lisäksi?	Finnish-NLP/llama-7b-finnish-instruct-v0.2	Tateyamalla on useita merkittäviä elinkeinoja turismin lisäksi. Joitakin niistä ovat mm:	Tateyama	m	n
292	https://fi.wikipedia.org/wiki/Oxford_University_AFC	FI	Minkä joukkueen Oxford University AFC voitti vuoden 1874 FA Cupin finaalissa?	Finnish-NLP/llama-7b-finnish-instruct-v0.2	Oxford University AFC (Oxford United) voitti vuoden 1874 FA Cupin finaalin. 	Oxford University AFC	n	n
302	https://fi.wikipedia.org/wiki/Valesapelihammaskissat	FI	Mistä valesapelihammaskissojen fossiileja on löydetty?	Finnish-NLP/llama-7b-finnish-instruct-v0.2	Valesapelihammaskissojen fossiileja on löydetty eri puolilta maailmaa, muun muassa Pohjois-Amerikasta, Aasiasta, Euroopasta ja Australiasta. Fossiilit ovat peräisin jura- ja liitukauden väliseltä aikakaudelta, jolloin nämä kissat elivät ja kuolivat sukupuuttoon. 	獵貓科	n	y
252	https://fi.wikipedia.org/wiki/El_Alin_lento_402	FI	Miksi El Alin lento 402 ajautui sivuun reitiltään?	Finnish-NLP/llama-7b-finnish-instruct-v0.2	El Alin lento 402 ajautui sivuun reitiltään useista syistä. Yksi niistä oli huono sää. Lentokone lensi myrskypilvien läpi, ja näkyvyys oli huono. Toinen syy oli se, että lentäjät menettivät suunnan eivätkä tienneet, mihin he olivat menossa. 	以色列航空402號班機空難	n	y
402	https://fi.wikipedia.org/wiki/Iravadi	FI	Mistä Iravadi on mahdollisesti saanut nimensä?	Finnish-NLP/llama-7b-finnish-instruct-v0.2	"Iravadi on nimi, joka on peräisin sanskritin kielen sanasta ""irava"", joka tarkoittaa ""virtaa"", ja ""vadi"", joka tarkoittaa ""maata"". Tämä nimi on peräisin alueelta, jolla joki virtaa, nimittäin Intian Länsi-Ghatien vuoristosta. "	Iravadi	y	y
397	https://fi.wikipedia.org/wiki/Sagar	FI	Millä lisänimellä Sagaria toisinaan kutsutaan?	Finnish-NLP/llama-7b-finnish-instruct-v0.2	"Sagaria kutsutaan joskus myös ""Sagaran kuninkaaksi"". "	Sagar	n	y
563	https://fi.wikipedia.org/wiki/Ruskopäävaris	FI	Tavataanko ruskopäävarista Suomessa?	Finnish-NLP/llama-7b-finnish-instruct-v0.2	Ruskopäävaris (Corvus ciliatus) on varisten heimoon kuuluva lintulaji, jota tavataan pääasiassa Pohjois-Amerikassa. Sitä ei tavata Suomessa. 	Ruskopäävaris	n	y
210	https://fi.wikipedia.org/wiki/Kovat_kaulassa	FI	Kuka esitti erikoisagentti Peter Burkea sarjassa Kovat Kaulassa?	Finnish-NLP/llama-7b-finnish-instruct-v0.2	Esittäjä oli Bill Pullman. 	White Collar (TV series)	n	y
111	https://fi.wikipedia.org/wiki/Karen_Percy	FI	Missä alppihiihdon lajeissa Karen Percy saavutti pronssimitalinsa vuoden 1988 olympialaisissa?	LumiOpen/Poro-34B-chat	Karen Percy voitti pronssia vuoden 1988 talviolympialaisissa naisten suurpujottelussa.	Karen Percy	n	y
263	https://fi.wikipedia.org/wiki/BMW_X2	FI	Missä BMW X2:n konsepti esiteltiin?	Finnish-NLP/llama-7b-finnish-instruct-v0.2	BMW X2:n konsepti esiteltiin ensimmäisen kerran Pariisin autonäyttelyssä vuonna 2016. 	BMW X2	n	n
55	https://fi.wikipedia.org/wiki/Gergely_Kulcsár	FI	Missä järjestetyissä EM-kilpailuissa Gergely Kulcsár voitti ensimmäisen arvokisamitalinsa?	LumiOpen/Poro-34B-chat	Gergely Kulcsár voitti ensimmäisen mitalinsa vuoden 2014 Euroopan kisoissa, jotka järjestettiin Unkarin pääkaupungissa Budapestissa. Hän voitti pronssia miesten yksilökilpailussa.	Gergely Kulcsár	m	y
19	https://fi.wikipedia.org/wiki/Red_Bull_Arena_(Salzburg)	FI	"Mitä nimeä Red Bull Arenasta käytettiin vuoden 2008 EM-kilpailujen aikaan?	Minä vuonna Red Bull Arena avattiin?"	LumiOpen/Poro-34B-chat	"Red Bull Arena, joka avattiin vuonna 2009, tunnettiin nimellä ""Saputo Stadium"" vuoden 2008 jalkapallon Euroopan-mestaruuskilpailujen aikana. Tämä oli sen jälkeen, kun kanadalainen yritys Saputo oli tehnyt sopimuksen areenan nimeämisestä sen mukaan."	紅牛體育場 (薩爾斯堡)	n	y
273	https://fi.wikipedia.org/wiki/Norjan_baptistiliitto	FI	Montako seurakuntaa Norjan baptistiliittoon kuului vuonna 2016?	Finnish-NLP/llama-7b-finnish-instruct-v0.2	Norjan baptistiliittoon kuului vuonna 2016 yhteensä 24 seurakuntaa. 	Norjan baptistiliitto	n	y
212	https://fi.wikipedia.org/wiki/Chris_Claremont	FI	Mistä sarjakuvasarjasta Chris Claremont erityisesti tunnetaan?	Finnish-NLP/llama-7b-finnish-instruct-v0.2	Chris Claremont tunnetaan parhaiten siitä, että hän loi X-Men-sarjakuvasarjan, joka alkoi vuonna 1972 ja jatkuu edelleen. 	Chris Claremont	n	y
149	https://fi.wikipedia.org/wiki/Omega_Centauri	FI	Kuka löysi Omega Centauri -tähtijoukon?	LumiOpen/Poro-34B-chat	Omega Centaurin löysi sveitsiläinen tähtitieteilijä Henri Dreyer vuonna 1904. Hän oli Geneven observatorion johtaja ja hän teki löytönsä tutkiessaan valokuvia, jotka oli otettu Dreyerin laajakulmaisella teleskoopilla. Löytö julkaistiin Astronomische Nachrichten -julkaisussa.	Omega Centauri	n	y
64	https://fi.wikipedia.org/wiki/Kuuban_miesten_lentopallomaajoukkue	FI	Montako olympiamitalia Kuuban miesten lentopallomaajoukkue on voittanut?	LumiOpen/Poro-34B-chat	Kuuban miesten lentopallomaajoukkue on voittanut kaksi olympiamitalia. Se voitti hopeaa vuoden 1984 olympialaisissa Los Angelesissa ja pronssia vuoden 2008 olympialaisissa Pekingissä.	Kuuban miesten lentopallomaajoukkue	n	y
261	https://fi.wikipedia.org/wiki/Marko_Kiprusoff	FI	Montako maalia Marko Kiprusoff teki NHL-urallaan?	Finnish-NLP/llama-7b-finnish-instruct-v0.2	Kiprusoff teki 1 080 NHL-ottelussa 1 080 maalia. 	Marko Kiprusoff	m	y
120	https://fi.wikipedia.org/wiki/Iranin_presidentinvaalit_2013	FI	Mikä oli Iranin vuoden 2013 presidentinvaalien lopputulos?	LumiOpen/Poro-34B-chat	Vuonna 2013 Iranin presidentinvaalit voitti Hassan Rouhani, joka sai yli 51% äänistä. Hän voitti Mahmoud Ahmadinejadin, joka oli istuva presidentti ja joka sai noin 46% äänistä. Nämä olivat merkittävät vaalit Iranissa, koska ne merkitsivät muutosta kohti sovittelevampaa lähestymistapaa ulkomaailmaan ja parempaa taloudellista tilannetta maassa. Rouhanin voitto nähtiin myös merkkinä nuorten ja kaupunkien äänestäjien kasvavasta vaikutuksesta Iranin politiikassa.	Iranin presidentinvaalit 2013	n	y
221	https://fi.wikipedia.org/wiki/Tapaus-verrokkitutkimus	FI	Kuinka montaa ryhmää tapaus-verrokkitutkimuksessa tarkastellaan?	Finnish-NLP/llama-7b-finnish-instruct-v0.2	Tapaus-verrokkitutkimuksessa tarkastellaan kahta ryhmää: tapauksia ja verrokkeja. Tapaukset ovat henkilöitä, joilla on tietty sairaus, ja verrokit ovat henkilöitä, joilla ei ole kyseistä sairautta. Tapaus-verrokkitutkimuksessa verrataan tapausten ja verrokkien lukumäärää eri ajankohtina. 	Étude cas-témoins	n	n
445	https://fi.wikipedia.org/wiki/Jef_Raskin	FI	Missä yliopistossa Jef Raskin opiskeli?	Finnish-NLP/llama-7b-finnish-instruct-v0.2	Jef Raskin opiskeli Yalen yliopistossa. 	Jef Raskin	n	y
29	https://fi.wikipedia.org/wiki/Jääkiekon_maailmanmestaruuskilpailut_1931	FI	Mikä joukkue edusti Yhdysvaltoja vuoden 1931 jääkiekon maailmanmestaruuskilpailuissa?	LumiOpen/Poro-34B-chat	Yhdysvallat ei osallistunut vuoden 1931 jääkiekon maailmanmestaruuskilpailuihin.	Världsmästerskapet i ishockey för herrar 1931	n	y
543	https://fi.wikipedia.org/wiki/Herman_Frazier	FI	Minkä lajin olympiavoittaja Herman Frazier on?	Finnish-NLP/llama-7b-finnish-instruct-v0.2	Herman Frazier on nyrkkeilyn raskaan sarjan olympiavoittaja. 	Herman Frazier	n	y
179	https://fi.wikipedia.org/wiki/Terengganun_lippu	FI	Kuvaile lyhyesti Terengganun lippu.	LumiOpen/Poro-34B-chat	Terengganun lippu on suorakulmainen kangas, joka on jaettu kahteen yhtä suureen vaakasuoraan osaan, joista toinen on valkoinen ja toinen punainen. Lipun keskellä on Terengganun sulttaanikunnan sinetti, joka on kuvattu mustalla värillä. Lippu on suunniteltu edustamaan Terengganun sulttaanikunnan yhtenäisyyttä ja suvereniteettia, ja sen värit ovat peräisin sulttaanikunnan tunnuksesta.	Terengganun lippu	n	y
460	https://fi.wikipedia.org/wiki/Kreml	FI	Kuuluuko Pyhän Vasilin kirkko Moskovan kremliin?	Finnish-NLP/llama-7b-finnish-instruct-v0.2	Ei, Pyhän Vasilin kirkko ei sijaitse Moskovan Kremlissä. Pyhän Vasilin kirkko sijaitsee Moskovan Kremlin läheisyydessä, mutta se on erillinen rakennus. 	Kremlin (fortification)	n	n
585	https://fi.wikipedia.org/wiki/Charles_Camilleri	FI	Mistä Charles Camilleri on pääosin tunnettu?	Finnish-NLP/llama-7b-finnish-instruct-v0.2	"Charles Camilleri tunnetaan parhaiten roolistaan tv-sarjassa ""The Good Wife"", jossa hän näytteli asianajaja Claire Pritchettia. "	Charles Camilleri	n	y
106	https://fi.wikipedia.org/wiki/Aston_Martin_V12_Vanquish	FI	Kuka muotoili Aston Martin V12 Vanquishin?	LumiOpen/Poro-34B-chat	Aston Martin V12 Vanquishin muotoilusta vastasi Aston Martinin suunnittelutiimi, jota johti Ian Callum. Callum oli työskennellyt Aston Martinilla vuodesta 1994 ja oli johtanut suunnittelutiimiä vuodesta 2000. Hänen muita tunnettuja töitään Aston Martinille ovat Aston Martin DB9, Aston Martin DBS ja Aston Martin Rapide. V12 Vanquish esiteltiin yleisölle vuoden 2001 Geneven autonäyttelyssä ja se oli tuotannossa vuoteen 2005. Sitä pidetään yhtenä kaikkien aikojen kauneimmista Aston Martineista.	阿斯顿·马丁V12 Vanquish	n	y
531	https://fi.wikipedia.org/wiki/Kollaasi	FI	Mistä kollaasi-sanan historian kerrotaan alkaneen?	Finnish-NLP/llama-7b-finnish-instruct-v0.2	"Kollaasi-sanan alkuperä juontaa juurensa 1800-luvun lopulle, jolloin taiteilijat alkoivat käyttää kollaasia keinona luoda monimutkaisia kuvioita ja sommitteluja. Termi ""kollaasi"" tulee ranskan kielen sanasta ""coller"", joka tarkoittaa ""liimata"" tai ""liimata"". Tämä termi tuli käyttöön 1900-luvun alussa, kun taiteilijat alkoivat käyttää kollaasia keinona luoda monimutkaisia kuvioita ja sommitteluja."	Collage (art)	n	n
555	https://fi.wikipedia.org/wiki/Vuonankaalit	FI	Mihin kasviheimoon vuonankaalit kuuluvat?	Finnish-NLP/llama-7b-finnish-instruct-v0.2	Vuonankaalit kuuluvat ristikukkaisten heimoon. 	Vuonankaalit	n	y
417	https://fi.wikipedia.org/wiki/Mutavaris	FI	Mille alueille mutavariksen levinnäisyys ulottuu?	Finnish-NLP/llama-7b-finnish-instruct-v0.2	Mutavariksen levinneisyys ulottuu pääasiassa Pohjois-Amerikkaan, Eurooppaan ja Aasiaan. 	Mutavaris	n	y
