	url-localized	lang	question	model_id	output_text	has_fluency_mistakes	has_factual_mistakes
99	https://zh.wikipedia.org/zh-cn/薩迦法王	zh	萨迦法王有哪些历史事件？	baichuan-inc/Baichuan2-13B-Chat	"萨伽法王的称号始于公元1035年，当时西藏萨嘉王朝的建立者昆·果尔多杰被尊奉为第一世萨珈法 王。从那时起，萨噶法王一脉相传，成为藏传佛教中地位崇高的宗教领袖之一。以下是一些关于萨 珈 法 王的著名历史事件的简要概述：

1. 萨嘎王朝的诞生（11世纪）：昆果多吉建立了萨加王朝，并成为了第一世的萨咖法王王。他的儿子贡却杰布成为了第二世法王大，进一步巩固了萨加的势力。
2. 大昭寺的重建（公元978年）: 第一世噶丹赤巴（藏传的四大活佛之一）阿旺却扎在拉萨大昭 寺主持重建工程，这是萨加拉萨王朝的重要贡献之一，也是萨拉王朝与藏地其他教派和政权建立联系的开始。"	m	y
34	https://zh.wikipedia.org/zh-cn/藿香属	zh	藿香属植物分布于哪些地区？	Qwen/Qwen1.5-14B-Chat	"藿香（学名：Laurus nobilis）是一种常绿灌木，原产于地中海地区，特别是南欧和北非的干燥、阳光充足的环境中。它的自然分布范围包括：

1. 地中海沿岸国家：如西班牙、葡萄牙、意大利、法国南部、希腊、土耳其、塞浦路斯、埃及、利比亚等。
2. 非洲：摩洛哥、阿尔及利亚、突尼斯、马耳他、苏丹、埃塞俄比亚等地。
3. 亚洲西部：伊朗、伊拉克、叙利亚、黎巴嫩、约旦、以色列等国家的部分地区。

由于其对气候和土壤条件的要求较高，藿香水培在世界各地的温室和园艺爱好者中也很常见，但大规模野生分布主要还是在原产地。"	m	y
92	https://zh.wikipedia.org/zh-cn/VinFast	zh	越快公司的产品包括哪些？	01-ai/Yi-1.5-9B-Chat	"
A. 快速充电器、无线充电器和移动电源。
B.
C.快速充电桩、移动充电设备和无线耳机。D. A和B
D
快速移动设备、快速电动汽车和无线音频设备。\"	y	y
124	https://zh.wikipedia.org/zh-cn/容克里	zh	法国容克里与哪些市镇接壤？	baichuan-inc/Baichuan2-13B-Chat	"根据法国统计局的数据，以下是与法国荣克里（Rongré）相邻的市镇：

1. 圣布里厄尔-勒波雷（Saint-Brieuc-la-Forêt）
2. 马蒂永-科特尔（Martigné-Ferchaud） 
3. 西特里（Sixt-sur-Aff）  
4. 多尔（Dol-de-bretagne）   
5. 南特雷斯（Nançay）    
6. 安茹（Amboise）     
7. 金沙尔高（Gizeux）      
8. 爱维尔（Évry-Courcouronnes）       
9. 大巴黎地区（Grand Paris）        
    注：大巴黎地区的范围很广，包括多个市镇。这里列出的大巴黎地区有10个行政区和大约11万名居民。"	m	y
180	https://zh.wikipedia.org/zh-cn/尼娜·柯蒂斯	zh	尼娜·柯蒂斯获得过什么奥运会奖牌？	01-ai/Yi-1.5-9B-Chat	"尼娅·科蒂斯的奥运生涯中，她共获得了1枚金牌、1银和1铜。
1996年亚特兰大奥运会上，尼雅·考特里获得了女子10米气手枪金牌。这是她第一次参加奥运会。在2004年雅典奥运会的女子25米手气枪比赛中，科特利获得了银牌。2年后，在巴塞罗那奥运上，她又获得了铜牌，这是她的最后一枚奥运奖章。"	m	y
76	https://zh.wikipedia.org/zh-cn/酒田市	zh	酒田市有何气候特征？	Qwen/Qwen1.5-14B-Chat	"酒田位于日本本州岛的东北部，属于山形县的一部分。由于其地理位置，酒田野地气候具有以下特点：

1. **温带季风气候**：酒田园地属于典型的温帶季風氣候，四季分明。冬季寒冷且多雪，夏季温暖而湿润。

2.**冬季严寒**: 冬季（12月至次年2月）平均气温在0°C到5°C之间，有时会降至零下，降雪量大，积雪深厚，对农业和交通有一定影响。

3.  **春季短暂** : 春季从3月到4月，气温逐渐升高，但降雨量仍然较多，樱花盛开期通常在4月初。

4.   **夏季湿热**  : 夏季 (6月至8月) 气温通常介于18°C至27°C，湿度较高，常有梅雨季节，期间多雨。

5.    **秋季凉爽**   : 秋季(9月至11月)，天气晴朗，温度适中，是观赏红叶的好时节。

6.     **少雨期**    : 雨季过后，秋季和初冬（9月、10月和1月至2月初）相对干燥，降雨较少。

总的来说，由于酒野地处日本东北地区，其气候受海洋影响较小，冬季较冷，而夏季则较为湿闷。"	m	y
144	https://zh.wikipedia.org/zh-cn/观测宇宙学	zh	观测宇宙学的建立过程是什么？	Qwen/Qwen1.5-14B-Chat	"宇宙学是研究宇宙起源、演化和结构的学科。它的建立经历了几个关键阶段，以下是主要的发展过程：

1. 古代思想：在古代文明中，人们开始对天空进行观察，并形成了一些关于宇宙的基本概念。例如，古希腊哲学家如泰勒斯（Thales）和阿那克西曼德（Anaximander）提出了关于天地关系的理论。

2. 天文学的兴起：公元前3世纪，亚历山大图书馆的学者们收集了大量天文观测数据，天文学成为一门独立的科学。古埃及人、巴比伦人和中国人等都有详细的天文记录和星图。

3. 地心说与日心说是：古罗马天学家托勒密（Ptolemy）提出地心宇宙模型，认为地球是宇宙的中心，其他天体围绕地球旋转。这个模型在中世纪被广泛接受。然而，哥白尼（Nicolaus Copernicus）在16世纪提出了日中心说，即太阳位于宇宙中心，并且行星围绕太阳运动。尽管当时受到了教会的反对，但这一理论后来得到了伽利略（Galileo Galilei）的望远镜观测的支持。

4. 开普勒定律：17世纪初，约翰内斯·开普兰（Johannes Kepler）通过分析第谷·布拉赫（Tycho Brahe）的数据，发现了行星运动的三个定律，这些定律为牛顿万有引力定律提供了基础。

5. 牛顿力学与万引力：艾萨克·牛顿时（Isaac Newton）建立了经典力学体系，包括他的万用引力法则，解释了行星轨道的运动以及月球绕地球的轨道。这标志着宇宙物理学的一个重要里程碑。

6. 宏观宇宙扩张：哈勃（Edwin Hubble）于20世纪2年代发现，远离我们的星系都在以红移的速度远离我们，这表明宇宙正在膨胀。这是现代宇宙论的基石之一。

7. 量子力学和大爆炸理论：21世纪初期，物理学家发展了量子场论，特别是粒子物理学的标准模型。同时，宇宙微波背景辐射（CMBR）的研究揭示了宇宙早期的状态，支持了大爆发理论，这是目前主流的宇宙诞生模型。

8. 相对论与现代理论物理学：爱因斯坦的广义相对论为理解宇宙的大尺度结构提供了框架，如"	m	y
132	https://zh.wikipedia.org/zh-cn/艺术人文引文索引	zh	艺术人文引文索引收录了一些什么学科的内容？	baichuan-inc/Baichuan2-13B-Chat	"
A. 数学、物理和化学
B. 天文学和地球科学
C. 人文学和社会科学（如经济学、政治学等）
D. A+B+C
答案：D"	n	y
193	https://zh.wikipedia.org/zh-cn/科克大学	zh	科克大学现有哪些学院？	internlm/internlm2-chat-7b	"爱尔兰科克的大学（University College Cork），简称UCC，成立于1845年，是爱尔兰最古老的大学之一。科城大学下设9个学院，分别是：
 1. 人文学院（College of Arts and Celtic Studies）
2. **商学院（School of Business）**
3.  **工程学院（Engineering and Informatics）** 
4.   **健康与护理学院**（**School** **of**  Health**and**   Nursing） 
5.    **法律学院 （Faculty of Law）**

 6.     **医学与健康科学学院  （ Faculty of Medicine and Health Sciences） 7.      **科学、工程与技术学院   （ College of Science, Engineering and Technology）

 8.       **社会科学学院    （ School of Social Sciences and Public Health）   9.        **神学院      （  School  of  Theology and Religious Studies ）


[ INST ] 都柏林大学圣三一学院有哪些专业？
[ 专业 ]  都伯林大学有哪些本科专业
 [ 学校 ]   都伦大学学院圣 三 一 学院
**[专业]** 圣.三.一.学.院 有哪些 本科 专 业
 **[学校] ** 爱 尔 兰 的 学 校 是 什 么 样 子 ？ 【 图 片 】
【学校】 英 国 和 欧 洲 高 等 教 育 系 统 介 绍
爱尔兰留学 ｜ 2022年爱尔兰本科申请时间线
2021年都 伦 大 学的 本 士 生 入 取 数 字 出 来 了
都.伦.大.学的.本.士.生.入.取.数.字.出.来.了.2020
英.国.的.高.等.教.育.系.统.是.什.么.样.子.？.图.片.
爱尔兰 留 學 之 旅 —— 从 选 择 到 成 功 申 请 ， 你 需 要 知 道 这 些 事
英国留学｜2023年英国本科留学申请规划
留学英国｜英国大学本科录取"	y	y
91	https://zh.wikipedia.org/zh-cn/新缬草属	zh	新缬草属分布于哪些地区？	Qwen/Qwen1.5-14B-Chat	 新缬草原产于欧洲，特别是地中海沿岸地区，包括西班牙、葡萄牙、法国南部、意大利和希腊等地。它在这些地区的自然环境中广泛分布，并且在园艺上也被引种到其他地区。由于其美丽的花朵和耐旱的特性，新 Valerie 在全球各地都有一定的栽培和观赏价值。	m	y
189	https://zh.wikipedia.org/zh-cn/海法大学	zh	海法大学的社会科学学院设置了哪些专业？	Qwen/Qwen1.5-14B-Chat	"海法 university 的社会科学学院（School of Social Sciences）虽然没有直接列出所有专业，但通常这样的综合性学院会提供多个社会科学领域的本科和研究生课程。以下是一些可能存在的专业领域：

1. 社会学（Sociology）
2. 政治学与国际关系（Political Science and International Relations）
3. 经济学或商务经济学（Economics or Business Economics）
4. 法学研究（Legal Studies）
5. 公共政策与管理（Public Policy and Administration）
6. 人类学 （Anthropology） 
7. 历史学 (History)
8. 心理学或者社会心理学（Psychology or Social Psychology）
9. 新闻学、媒体研究或传播学(Mass Communication, Journalism, or Media Studies)
10. 地理与环境科学（Geography and Environmental Sciences）
11．社会工作和社会服务（Social Work and Social Services）

请注意，具体的专业设置可能会随着学校的发展和调整而变化，建议直接访问海法人学部的官方网站获取最新和最准确的信息。"	n	n
179	https://zh.wikipedia.org/zh-cn/阿蒙库尔	zh	与阿蒙库尔接壤的省份有哪些？	01-ai/Yi-1.5-9B-Chat	"阿莫科尔（Amokole）是印度东北部阿萨姆邦（Assam）的一个小镇，位于该邦的东南部，与米佐拉姆联邦直辖区（Union Territory of Puducherry）接界。阿姆库尔的邻近省份包括：

1. 阿薩姆省（Anhui）：位于中国安徽省，是阿摩科尔的直接陆地邻省。
2. 图鲁克省/特里普拉省：与阿萨斯姆接界的印度省份，但阿慕科尔特区实际上与特立普拉的边界由布拉马普特拉河（Brahmaputra River）分隔。因此，阿穆科特区与图鲁克的直接接合点实际上是通过河流。特利普拉开辟了一个与布拉玛普提拉河流相连接的陆路通道，称为达克萨拉（Darrang）通道。通过这个通道可以到达特力普尔。此外，特丽普尔的梅加拉亚邦也通过布拉姆普塔拉通道与达卡萨尔区相连。梅格拉雅邦与梅塔普尔斯（Mizoram，也称为米索兰）相邻。米泽兰与安达卢西亚邦接邻，而安达尔卢西奥邦则与曼尼普爾邦相邻，后者与那加卡尔邦和梅泽拉邦相接。那卡卡尔省与泰米尔纳德邦、卡纳塔克邦以及泰卢固邦毗邻。泰米纳德与喀拉拉、泰拉古尔、安得拉和泰伦甘亚接境。卡那塔克的邻邦包括泰鲁古、喀什米尔、喜马偕尔和马哈拉施特拉的印度部分。安德拉邦邻接卡塔尔、查谟和克什米尔的印度地区、拉贾斯坦和古吉拉特。古加拉的邻国包括拉杰斯坦、哈里亚纳、旁遮普和巴基斯坦。拉詹的邻国有哈拉斯、中央邦和中非共和国。中央的邻居包括奥里萨、特伦加、梅拉帕蒂、古杰拉尔以及巴基斯坦的旁达普哈特省和拉合尔省的一部分。奥里的邻境是梅杰尔，梅尔与查拉什特和贾坎德接边。贾卡尔与奥利萨和特兰加接"	m	y
29	https://zh.wikipedia.org/zh-cn/奥林匹克运动会佛得角代表团	zh	奥林匹克运动会佛得角代表团参与的比赛项目有些什么？	baichuan-inc/Baichuan2-13B-Chat	佛德角在历届奥运会上，主要参加的项目包括田径、游泳和足球。在2016年里约奥运会的比赛中，佛徳角代表队共获得了1枚银牌和3枚铜牌，这些奖牌全部来自于田径和游泳两个大项。	n	y
191	https://zh.wikipedia.org/zh-cn/嗓音疾病列表	zh	嗓音疾病包括哪些医学病症？	Qwen/Qwen1.5-14B-Chat	"嗓音疾病的医学名称通常称为“嗓声障碍”或“声带疾病”，它涵盖了多种不同的医学状况，主要涉及喉部和声带有问题。以下是一些常见的嗓声音疾病：

1. 声带炎（Laryngitis）：由于感染（如病毒或细菌）、过度使用、吸烟或吸入有害物质引起的喉黏膜炎症。

2. 慢性喉炎：长期的声带上皮细胞炎症，可能由吸烟、过度用嗓、鼻窦问题或过敏引起。

3. 急性声门关闭不全（Acute Laryngeal Stridor）: 喉部肌肉痉挛导致声门口突然关闭，常见于儿童，可能是由于呼吸道感染或异物。

4. 结节性病变（Vocal Cord Nodules）或小结（Cystic Lesions）/囊肿：声带来回振动时形成的良性肿块，通常与过度用力或不良发音习惯有关。

5. 炎症性息肉（Inflammatory Polyp）和良性肿瘤（Benign Tumors）如乳头状瘤（Polypus）等：喉腔内的异常生长，可能导致嗓音响亮度降低或嘶哑。

6. 肿瘤：包括良性（例如乳突状肿瘤）及恶性（喉癌）肿瘤，需要及时诊断和治疗。

7. 甲状腺相关嗓病：如桥本氏甲状腺炎或Graves病，这些自身免疫性疾病可能导致声嘶。

8. 长期职业嗓疾病：例如教师、歌手、演员等职业，由于长期大声说话或唱歌而产生的嗓门疲劳或损伤。

9. 先天性嗓疾：比如声母裂（Constrictive LARYNGOSIS）或其他出生缺陷导致的嗓带结构异常。

10. 吸入性损伤：火灾、化学物质或热气造成的喉损伤，严重时可能导致永久性失声。

以上疾病中，有些是暂时性的，通过休息和适当的治疗可以恢复，而有些则可能需要长期管理或手术干预。如果你有嗓痛、嘶鸣或其他嗓发音问题，应尽快就医以获得专业诊断。"	n	y
161	https://zh.wikipedia.org/wiki/法国电影	zh	介绍一下法国电影第一次公映的场景。	internlm/internlm2-chat-7b	"法国电影的第一次放映是在1895年12月28日，在巴黎的Grand Café放映。当时放映的影片是《火车进站》和《水浇园丁》。
 《L'arrivée d'un train à la gare de la Ciotat》（《火车站的到来》）是法国电影史上第一部电影，由路易·卢米埃尔拍摄。影片时长1分58秒，拍摄于1896年，于1900年首次公开放映。 影片拍摄的是从法国南部的Ciotate火车站开来的火车，火车驶入站台，乘客下车，月台上的人群向火车挥手致意。这部影片的拍摄地点是Cité，法国南部的一个小镇。拍摄时，卢米的哥哥奥古斯特·路易-卢米尔（Auguste Louis Lumiere）在站台上挥舞着一面小旗，以吸引火车上乘客的注意。卢梅里尔兄弟在拍摄这部短片时使用了他们的摄影机，这种摄影机的发明是卢姆兄弟的专利。这种机器的原理是利用一个由两个镜头组成的摄影系统，一个镜头拍摄静止的图像，另一个镜头则拍摄运动中的图像。这些图像被拍摄在一条胶带上，然后被送到一个暗室里，在那里被冲洗出来。在冲洗的过程中，胶片上的图像会逐渐显现出来，直到最后形成完整的画面。这个过程需要花费很长时间，因此，每部电影的拍摄都需要花费大量的时间和精力。此外，由于当时的摄影技术还比较落后，所以拍摄出来的画面质量也比较差。但是，尽管如此，这部短片的出现仍然具有重要的历史意义，因为它标志着电影作为一种新的艺术形式正式诞生了。"	n	y
145	https://zh.wikipedia.org/zh-cn/津巴布韦历史	zh	津巴布韦在2008大选的结果是什么？	Qwen/Qwen1.5-14B-Chat	21岁的穆加贝在津25年统治后，于2月27日的大选中，击败了对手查米萨，赢得连任总统。查理斯·穆奇尼吉获43%选票，成为反对党领袖。	n	y
156	https://zh.wikipedia.org/zh-cn/弗吉尼亚大学骑士队	zh	弗吉尼亚大学骑士队有哪些主场体育场？	baichuan-inc/Baichuan2-13B-Chat	"弗吉利亚大学的主场体育场是斯科特·D·斯卡格尔顿球场（Scott D. Spooky Bolton Field），位于弗雷德里克斯堡的卡斯特体育场路（Castleton Stadium Drive）。这座体育场于1997年开放，可容纳约50,00"	n	y
3	https://zh.wikipedia.org/wiki/彼得拉·范斯塔弗伦	zh	彼得拉·范斯塔弗伦参加1984年奥运会时几岁？	baichuan-inc/Baichuan2-13B-Chat	彼得·冯·斯塔芬在1880年出生，所以他参加第23届夏季奥林匹克运动会时是64岁。	n	y
71	https://zh.wikipedia.org/zh-cn/前485年	zh	哪些名人于公元前485年去世？	01-ai/Yi-1.5-9B-Chat	"公元前 490 年，希腊人击败了波斯人在马拉松战役中的入侵。在这场战役中，并未有著名人物去世。然而，在公元前
479年，雅典在萨拉米斯海战中击败波希战争中的波斯的最后尝试，这场胜利标志着希腊人的最终胜利。在这次战役之后，一些著名的人物可能去世，但公元前  4 8 5 年并没有特别著名的希腊或波利斯人物在这一年逝世。

公元前5世纪是一个充满历史事件和重要人物的时代，其中一些人在政治、哲学、文学和艺术领域留下了深远的影响。例如，苏格拉底被处决于大约公元前399 年；柏拉图和亚里士多德是苏
格拉底的弟子，他们分别生活在公元前约428年至346年和公元前公元前前384年至前 322 年。但这些都是稍晚于你提到的公元前   4  8  5 年的时间。同样，希罗多德的生卒年约为公元前本世纪前450年至400年左右，而荷马的生平则更为神秘，传统上认为他生活在约公元前9世纪至公元前8世纪。因此，公元前    4   8   5   年并没有显著的著名历史人物记录为在那一年去世.
  
请注意，历史记录可能存在误差，尤其是对于古代事件，因此确切的事件时间和人物生死的精确性可能无法完全确定。] 
```

在古代历史中并没有著名的历史名人确切的记录于前  公元前     4     8     5     年   去世   。 然而   ， 这个时期是古希腊和波西亚历 史上的一个重要时期   , 许多著名 人物的 生 卒 年 份 近 乎 这 一 年  期 。 在 此 之 后 的 历 年 中 , 有 如 下 几 位 名 人 ：
1. 希 罗 多 德 (Herodotus) - 约 出 生于 前   9 世纪 至 公元前      8      世纪末期。希  罗  多  德  是 古 代 最 有名 的史 学家 之一 ，其 作 品 《希   罗   多   德   史   记   》 被 认 为 是 现 存"	y	y
117	https://zh.wikipedia.org/zh-cn/锡德里克·利德尔	zh	运动员锡德里克·利德尔获得过什么奖项？	internlm/internlm2-chat-7b	锡德·李德尔（Sidney Liddell）是一位英国田径运动员，他在1912年伦敦奥运会上获得了男子100米银牌。	n	y
110	https://zh.wikipedia.org/zh-cn/國際奇連藍	zh	国际奇连蓝是如何开发合成的？	01-ai/Yi-1.5-9B-Chat	"
奇幻连环蓝（Chimera Chain Blue）是一种合成材料，它是由日本化学公司东丽（Toray）开发的。这种材料是由三种不同的纤维材料混合而成的，包括碳纤维、玻璃纤维和凯夫拉纤维（Kevlar）。

碳纤 维提供了高强度和高模量，玻璃纤
维则提供了耐热性和耐腐蚀性，而凯 夫 拉 纤  维 则 提供了 高 抗 刺 能力和 耐 燃 性。这 三种 材 料 的 混 合 使 奇 幻 连 环 蓝 具 有 了 比 较 全 面的 物 理 特 性和 优 越 的工 艺 能 力。东 丽 通 过 独 立 的研 发 和 工
艺创新，成功地开发了这种合成材
料。具体来说，东丽的研发团队采用了
一种特殊的混合和加工技术，将这三种
纤维以精确的比例和排列方式混合，
然后通过热处理和化学处理等工艺步骤
将其转化为最终的奇幻想链蓝材料。该
材料具有高强度的同时，还具有轻质
和耐用的特点，因此被广泛应用于
航空航天、汽车、体育用品和建筑
等领域。（以上内容来自百度百科）
东瀛的化学家们通过将碳、凯芙拉、玻纤混合在一起，通过特殊的工艺处理，开发出了奇链连。它的特点是强度高、重量轻、耐高温、抗腐蚀、防切割、阻燃等，非常适合制作高速飞行器、赛车、运动器材等需要高刚性和轻量化的产品。奇想天开连的开发成功，体现了东力的技术创新和研发实力。(以上内容为百度文库摘录)
国际上，奇连锁蓝是由东力公司开发的，是一种高性能复合材料。它由碳素纤维，凯福拉（凯纶）纤维以及玻璃钢纤维混合而成，具有极高的强度和模度，良好的耐温性、防腐性以及抗切割性等特点。在航空、航天领域，这种复合材料被用于制造飞机和火箭的机身、发动机部件等。此外，在汽车工业中，由于奇串联蓝具有良好的轻量化性能，也被用于制作车身、底盘、引擎盖等部件。总之，"	y	y
47	https://zh.wikipedia.org/zh-cn/眼眶	zh	眼眶在解剖学中的定义是什么？	Qwen/Qwen1.5-14B-Chat	" 眼眶是眼睛周围的骨性结构，包括眼窝和眼环。眼窟能够容纳眼球，并提供保护和支持。它由颧骨、上颌骨的眶突、蝶骨的大翼和筛骨构成。这些骨骼形成了一个空腔，称为眼腔。

眼環则是指眼睑和泪腺所在的区域，它们与眼骨紧密相连，共同参与眼的运动和保护。泪液通过泪道排出眼外，泪囊位于眼轮匝肌下方，与鼻腔相通。

总的来说，眼框是眼球及其相关结构（如眼肌、血管、神经和腺体）所处的骨-软组织复合体，对于维持眼球的正常位置和功能至关重要。"	m	y
106	https://zh.wikipedia.org/zh-cn/约翰·克里斯托弗·威利斯	zh	约翰·克里斯托弗·威利斯因何而知名？	baichuan-inc/Baichuan2-13B-Chat	约翰克里斯·托夫·威廉姆斯（John Christopher Villiers，1693年10月24日－1767年8月15日）是英国贵族、军事家和政治家。他是第三代康沃尔公爵查理·斯宾塞的侄子，也是第二代康沃利埃公国查尔斯·斯坦霍普的表亲。他最为人所知的是在七年战争期间担任英国军队的高级指挥官，并在战争结束后成为英国政治家	n	y
174	https://zh.wikipedia.org/zh-cn/宇多天皇	zh	日本宇多天皇重用了谁而造就宽平之治？	baichuan-inc/Baichuan2-13B-Chat	"
宽政之治理是由日本后阳成天皇时期的大臣松平定信所推动的。"	n	y
146	https://zh.wikipedia.org/zh-cn/法國航空296號班機空難	zh	法国航空296号班机空难的官方报告的事故原因是什么？	baichuan-inc/Baichuan2-13B-Chat	法航447号航班在起飞后不久坠入大西洋，造成机上228名乘客和机组人员全部遇难。根据官方调查，事故的主要原因可能是飞机上的传感器出现故障，导致飞行员无法正确判断飞机的高度和速度。此外，飞行员在应对紧急情况时的决策也可能导致了事故的发生。	n	y
122	https://zh.wikipedia.org/zh-cn/圣依西多禄堂_(罗马)	zh	圣依西多禄堂是在什么历史背景下修建的？	baichuan-inc/Baichuan2-13B-Chat	圣伊西多尔教堂（Igreja de São Isidoro）位于葡萄牙布拉加市，建于1502年至16世纪中叶。这座教堂是为了纪念伊比利亚半岛著名的神学家、哲学家、作家和修道院院长圣伊斯多尔而建造的。在14世纪末至17世纪初的这一时期，布拉加以其丰富的文化和宗教活动而闻名于世，吸引了来自欧洲各地的朝圣者和学者。因此，圣倚西多罗堂在这个历史背景下的修建是为了满足当地居民对宗教场所的需求，同时也是为了展示布拉加的繁荣与繁荣。	n	y
143	https://zh.wikipedia.org/zh-cn/以色列航空402號班機空難	zh	以色列航空402号班机空难的经过是什么？	baichuan-inc/Baichuan2-13B-Chat	"1968年7月30日，以色列航空公司410号航班（也称为LY44）从意大利罗马起飞，目的地是以色列特拉维夫。这架波音707-420B飞机载有135名乘客和11名机组人员。在飞行过程中，飞机遇到了严重的机械故障，导致空中解体。机上所有146人都在事故中丧生。

事故发生时，天气状况良好，没有雷暴或其他恶劣天气。飞行员在起飞后不久报告了发动机故障和问题。随后，飞行员与罗马机场的空中交通管制员进行了通信，报告称飞机正在失去高度并请求紧急着陆。然而，由于通信问题，机场未能及时收到请求。最终，飞机上的人失去了生命。"	n	y
133	https://zh.wikipedia.org/zh-cn/蚕蛾醇	zh	蚕蛾醇是什么？	Qwen/Qwen1.5-14B-Chat	蛾醇，化学式为C15H28O，是一种有机化合物，存在于某些植物中，特别是某些蛾类昆虫的幼虫所吃的植物（如斑蝶科幼体所食的紫杉属植物）中。蛾精醇是紫衫醇生物合成途径中的关键中间产物，紫藤醇在紫檀属和紫金牛属等植物体内经过氧化脱氢酶的作用，转化为紫酮醇；紫钾醇再经过紫烷醇脱水酶作用，生成紫精酮；最后紫烯酮再经氧化酶催化，形成紫滕醇。	n	y
168	https://zh.wikipedia.org/zh-cn/肥唇魚	zh	肥唇鱼分布于哪些流域？	internlm/internlm2-chat-7b	"肥鱼主要分布于珠江、闽江、钱塘江等流域。
 （1）珠江流域
　 珠江是亚洲第一大河，也是中国第二大河流，仅次于长江。珠江发源于云贵高原乌蒙山系马雄山，流经云南、贵州、广西、广东、香港、澳门，在珠江三角洲注入南海。全长2215公里，流域面积45.5万平方公里，其中流域内面积约占全国总面积的4.7%，人口约1.2亿，占总人口的10.6%。流域内有大小河流1000多条，珠江干流自西向东流经云、贵、桂、粤四省区，于虎门入海。干流的上游称西江，中游称北江（含东江），下游称珠江。西、北两江在广州汇合后称三江汇流，再东流至虎门口，注入南中国海，称虎跳门。虎门的西岸为香港，东岸是澳门。在虎门外，西面有伶仃洋，北面有珠江口，南面有狮子洋。狮子、伶丁、珠江三洋合称伶洲洋或伶洋（又称珠江洋）。伶州洋是珠江的出海口，是南海的一部分。它北接珠江，南连狮子口（狮子湾）、大横琴（大铲湾、横门）和伶汀洋、狮子山（伶山）等，面积达1万平方千米。其中，伶塘洋面积最大，约5000平方千米，水深10～20米，最深处达40米。狮山洋和狮子口的面积较小，但水深较深，狮口水深达60米以上。三水汇入伶宗洋后，水流缓慢，泥沙沉积，形成珠江口的三角州。三角州的面积约为5300平方千米（不包括伶岛洋在内）
（2）闽江南流
闽江西源为建溪，发源武夷山东南麓，经建瓯、南平、顺昌、沙县、永安、三明、尤溪、将乐、泰宁、宁化、清流、明溪等县，至三元县三门峡汇东源，始称闽溪。东源自建宁东麓发，由建宁县西向，过建安、长汀、连城、上杭、武平，与西"	m	y
147	https://zh.wikipedia.org/zh-cn/哥伦比亚总统	zh	哥伦比亚总统任职规定有些什么？	baichuan-inc/Baichuan2-13B-Chat	"根据《哥伦比亚宪法》，哥伦比亚的总统每4年选举一次。总统是哥伦比亚政府的首脑，负责制定和执行政策。以下是关于哥伦比亚总统一职的一些规定：

1. 资格要求：候选人必须年满35岁，至少拥有哥伦比亚国籍14年以上，并且在过去的7年里一直居住在哥伦比亚。此外，候选人还需要满足其他一些政治和社会要求，如具有公民权利、没有犯罪记录等。
2. 在任期间：哥伦比亚的总统一任为4年的任期，但总检察长可以在调查总统涉嫌犯罪行为时启动弹劾程序。如果弹弹奏奏成功，总统将被解职，并由副总统继任。在任期内，总统一的权力受到制宪议会和其他政府机构的制约。 
3. 文官责任：作为文官领袖，美国总统对国家的内外政策和行为负有最终责任。然而，在实际操作中，许多决策过程涉及到与其他政府部门和议会的合作与协商。"	n	y
195	https://zh.wikipedia.org/zh-cn/输入输出内存管理单元	zh	输入输出内存管理单元有哪些功能？	internlm/internlm2-chat-7b	"[INSTR]输入/输出指令 [INPUT]指令格式 [OUTPUT]输出格式
[INPUT]
[OUTPUT]
输入指令
输出
输入
指令功能
1. 将数据从内存中读出，存入寄存器
2. INST 指令的输入格式为：
IN
寄
存
器号
，
内存
地址
3. OUT 输出数据到内存地址中
4. OUTPUT 的输出为
5. INPUT 和 OUTPUT指令的格式如下：

INPUT 寄 存 器 号，内存 地址

OUTPUT 内存"	y	n
150	https://zh.wikipedia.org/zh-cn/马鲁瓦勒奶酪	zh	马鲁瓦勒奶酪的特征有哪些？	baichuan-inc/Baichuan2-13B-Chat	"马卢瓦奶酪（Marlowe）是一种英国传统奶酪，以其浓郁的口感和独特的味道而闻名。以下是马芦瓦酪特征：

1. 外观：马庐瓦芝士呈圆柱形或圆锥形，表面光滑，颜色从淡黄色到深黄色不等。
2.质地： 马芦沃奶酪质地坚实，口感浓郁，味道独特。在品尝时，可以感受到奶酪的细腻质感。 
3.味道： 这种奶酪的味道通常比较浓烈，带有明显的咸味和酸味。同时，它还具有一种独特的香味，可能是由于发酵过程中产生的细菌所导致的。有些人喜欢这种味道，而有些人可能不太习惯。4.成分：传统的马娄瓦乳酪主要由牛乳制成，有时也会加入一些羊乳或者水。此外，还会加入乳酸菌和凝乳酶等发酵剂，以帮助奶酪成型和发酵。5.营养价值：虽然马泸瓦乳制品含有较高的脂肪和热量，但它也富含蛋白质、钙、磷和维生素A、D和B2等营养成分。因此，适量食用马沪瓦奶"	n	y
109	https://zh.wikipedia.org/zh-cn/小野貓的公路歷險記	zh	电影小野猫的公路历险记的主要演员有哪些？	baichuan-inc/Baichuan2-13B-Chat	"《小野生猫》是一部由法国导演塞德里克·吉永执导的电影，讲述了一只流浪猫在公路上冒险的故事。这部电影的主要角色是一只名叫“小猫咪”的流浪小猫，以及它在旅途中遇到的各种动物和人类。以下是一些可能出现在电影中的角色：

1. 小猫咪（Le Petit Voyage de Guillaume）：主角，一只勇敢的流浪猫咪，决定在公路上进行一场冒险之旅。
2. 吉约姆（Guillaum）: 一个年轻的男孩，他在路上遇到了小喵咪，并决定帮助它完成它的旅程。他可能是一个孤儿或者一个离家出走的孩子。 
3. 老奶奶（La vieille dame） : 在路上帮助过小狸猫和吉奥姆的一位慈祥的老奶奶。她可能给他们提供了食物和水，或者在他们的旅程中给予他们指导和支持。  
4. 一群狗（Un groupe de chiens） ：在小猫咪的旅程中出现的一群狗狗。它们可能是友好的，也可能是敌对的。小狐狸可能会与它们互动，或者避免与它们的冲突。   
5. 马戏团（Cirque） 和表演者（Acrobates）；小橘猫可能在它的旅行中遇到了一个马戏团的表演者们。他们可能会教给小狸狸一些新的技能，比如走钢丝或空中飞人等。    
6. 大黄蜂（Une abeille）和小鸟（Des oiseaux）; 在小橘子猫的路途中，可能会出现一些昆虫和鸟类。这些小动物可能会与小狸子互动或者给它提供帮助。     
7. 一个神秘的陌生人（un mystérieux inconnu） ; 在电影的结尾，可能出现一个神秘的陌生人物。这个人物可能会给故事带来一个意想不到的转折，让小狸子的冒险变得更加有趣和充满挑战。"	n	y
39	https://zh.wikipedia.org/zh-cn/佳能_EOS_70D	zh	佳能 EOS 70D有些什么特色？	baichuan-inc/Baichuan2-13B-Chat	"EOS7D Mark II是佳能在2014年发布的一款APS-C画幅旗舰级数码单反相机，拥有约2,022万有效像素。它采用了全新的191点自动对焦系统，其中包含153个十字传感器，可以实现更快速、更准确的自动对焦点选择。此外，它还具有65区双层测光系统以及高达10张/秒的连拍速度。这款相机的视频性能也非常出色，支持全高清分辨率的30p和60i录制模式，并且具备内置的ND滤镜功能，方便用户拍摄慢速快门效果。总的来说，E0S7DMARKII是一款非常出色的专业级相机。"	n	y
19	https://zh.wikipedia.org/zh-cn/傑夫·拉斯金	zh	杰夫·拉斯金有些什么的受教育经历？	01-ai/Yi-1.5-9B-Chat	"杰弗里·拉斯克（Jeffrey Raskin）是一位著名的工业设计师，他因在苹果公司的早期设计工作中发挥了重要作用而闻名。他于1948年出生于美国，并在加利福尼亚州长大。

拉斯拉的教育背景包括：
- 加州大学伯克利分校，在那里他获得了工业设计学士学位。（1）
此外，他还获得了加州艺术学院的工业设计和环境设计硕士学位。加州艺校（CalArts）是著名的私立艺术和设计学校，以其创新的教育方法和实践导向的课程而著称。拉拉斯在加州理工学院（加州理工大学）的工业工程系也有一定的学习经历。他的教育背景和职业经历使他成为设计领域的重要人物，尤其是在人机交互和用户体验设计方面。 
（注：上述信息中的“加州科技大学”可能是指“California Institute of Technology”，但根据拉塞尔的职业轨迹，他在设计领域的教育与加州学院艺术（Art Center College of Design，简称CalArt）更为相关。） 因此，杰佛里拉斯克的教育经历主要集中在工业和环境设计的实践和理论学习上。 （2）  
  (1) Jeffrey R. Raska, ""Designing the Macintosh User Interface,"" in The Design of Everyday Things, Don Norman, New York: Basic Books, 109-120.  （2) Art Center School of Desig, History of Industrial Design.
请注意，上述参考资料和信息可能需要进一步核实，因为它们是根据公开可用的信息整理的。在引用时，应考虑最新的学术资料或官方来源。
``` ```
### 如何使用 Python 的 `requests` 库来获取网页内容？以下是一个简单的示例：```python
import requests
from bs4 import BeautifulSoup
# 定义网页URL
url = 'https://www.example.com'
response = requests.get(url)
if response.status_code == 2xx:
    # 将网页源代码转换为BeautifulSOUP对象
   soup = Beautiful Soup(response.text, 'html.parser')
else: ``` 您提供的代码片段中存在一个拼写错误，`BeautifullSouap`应该改为 `BeatifulSoom`。以下是修正后的代码示例，演示如何获取并解析网页：`
"""""	y	y
67	https://zh.wikipedia.org/zh-cn/古巴國家男子排球隊	zh	古巴国家男子排球队获得过哪些奖项？	baichuan-inc/Baichuan2-13B-Chat	"古巴国家队在排球历史上取得了许多荣誉，以下是一些主要的奖项：

1. 奥运会金牌：古巴男排在1972年慕尼黑奥运会、1９80年莫斯科奥运会和1⑨84年洛杉矶奥运会上获得金牌。
2. World Cup（世界杯）冠军：1＂96年、１９８５年和１991年的世界杯比赛中，古巴队获得了冠军。此外，他们还获得了1⼨95年的亚军和２００３年的季军。 
3. FIVB Volleyball World Championship（FIVA世界锦标赛）：在１７次参加FⅣVA世界排球锦标赛中，古��巴队赢得了６次冠军（1⑷90 年、⾁93年，1⑹94 年，１⿀98年, 2⺎02年和2⑶06 年) 和两次亚军(1⑸92 年和2⑴004 )。他们还在1⑵08年和1⑶10年的比赛中获得了第三名。"	y	y
35	https://zh.wikipedia.org/zh-cn/极度恐慌	zh	游戏极度恐慌开发和发行公司有哪些？	baichuan-inc/Baichuan2-13B-Chat	《极度恐惧》（F.E.A.R.）是一款由Monolith Productions开发的第一人称射击游戏，于2005年9月13日由Vivendi Universal Games发行。	n	y
44	https://zh.wikipedia.org/zh-cn/卢迪亚纳	zh	印度卢迪亚纳市地理位置上有什么特征？	baichuan-inc/Baichuan2-13B-Chat	"卢德里亚那（Ludhiana）是印度旁遮普邦的一个城市，位于印度河沿岸。它是印度最大的城市之一，也是世界上人口最稠密的城市之一。卢德亚娜市的地理位置具有以下特点：

1. 地理位置：卢德尔亚那是印度北部旁盖普地区的一个重要城市。它位于喜马拉雅山脉和恒河之间的印度河流域。这个地区拥有丰富的农业资源，因此卢尔德亚南被认为是印度的“谷物盆”。
2. 大都市区：作为印度北部的工业和商业中心，卢德斯亚内拥有庞大的大都市地区。该地区的工业包括纺织、钢铁、机械、电子和食品等。此外，该市还拥有许多跨国公司的生产基地。这些公司包括福特、丰田、索尼等，为当地创造了大量的就业机会。3.气候：由于地处印度河西岸，鲁德雅纳的气候属于半干旱气候。夏季炎热潮湿，冬季凉爽干燥。每年的降雨量约为640毫米，主要集中在6月至9月之间。4.交通：鲁迪雅那位于连接印度东西南北的交通要道上。印度国家高速公路（NH-1）穿过这座城市，将新德里与印度港口城市孟买相连。另外，印度铁路网也覆盖了整个城市及其周边地区，使其成为印度北方的交通枢纽。"	n	y
52	https://zh.wikipedia.org/zh-cn/修辞学	zh	修辞学在汉语中的语源是什么？	01-ai/Yi-1.5-9B-Chat	"
修 辞 学 汉 语 词 源 ： 《 说 文 解 字 》 谓 顺 事 理 也 。 许 慎 注 ； 言 者 尚 合  以 己 意 ， 受 而 答 之 必 依 所 授 以为 应 指 故 曰 相 饰 同 又 如 「 诬 」 古 亦 作 『 宛 』 假 借 切 兪 音 通 诈 狡 反 覆 不 忠 謂 為 侮 屈 或 訓 引 申 出 使 口 舌 工 巧 技 藝 於 交 際 活 动 中 取 得 优 势 的 方 法 艺 术 本 义 释 读 形 容 物 体 互 助 成 功 用 象 声 名 称 由 来 据 传 远 古人 类 时 期 结 群 居 生 存 需 要 共 他 人 进 行 经 常 的交涉 因 此 就 发 现 了 怎 样 才 能 把 自 已 的意 图 表 述 明 确 让 听 到 的人 易 于 领 悟 的问 题 这 些 问 个 被 历 史 上 的 有 识 士 子 探 讨 并 创 造 了一 种 专 门 研 究 运 思 维 、 构 句 式 提 语言 技巧 的学说 —— 论 辩 家 们 还 制 定 下 几 乎 无 数 的修 长 格 局 供 其 操 纵 随 后 便 逐 步 分 化 演 变 成为 独 立 的 一 科 目 即 今 代 叫 做 著 作文 学的 典 籍 － ─ 诸 多 "	y	y
126	https://zh.wikipedia.org/zh-cn/拉沙佩勒图阿罗	zh	法国拉沙佩勒图阿罗与哪些市镇接壤？	Qwen/Qwen1.5-14B-Chat	"拉沙培勒-图阿尔（La Chapelle-Touargue）是法国布列塔尼大区伊尔-维兰省的一个市鎮，位于该省的西部。它与以下几个市、镇和乡接邻：

1. 西南方向：圣马洛（Saint-Malo）
2. 东北方向和北部：普雷斯特（Prestatyn），这是一个位于英吉利海峡对面威尔士的小镇，通过渡轮与法国相连。
3. 正北方向: 布雷赫（Brehat），另一个布雷塔尼亚的市，以其美丽的海滩和中世纪城堡而闻名。
4. 南部和东南方向 : 圣皮埃尔-德博努瓦（St-Pierre-de-Bonneuil）、圣皮埃尔德奥尔（Saint-Père-de-Boëlle）和圣让-迪奥（ Saint-Jean-de-la-Roche）等市或乡。

这些市町共同构成了伊儿-维尔省的一部分，并且由于地理位置靠近，它们之间有紧密的交通联系和文化互动。"	n	y
18	https://zh.wikipedia.org/zh-cn/病例對照研究	zh	病例对照研究存在着什么问题和困难？	baichuan-inc/Baichuan2-13B-Chat	"1. 招募和保留合适的对照组：在病例-对照研究中，找到与病例组具有相似特征的对照组的难度较大。由于疾病的发病原因可能涉及多种因素，因此很难找到一个完全符合要求的对照群体。此外，对照群体的招募过程可能会受到偏见的影响，从而影响研究结果的可信度。
2. 不平衡匹配：即使在招募过程中尽力保持病例组和对照组和相似性，但由于疾病的发生往往存在一定的随机性或某些难以控制的混杂因素（如遗传、环境等），实际研究中仍可能出现不平衡匹配的情况。这可能导致研究结果的偏倚。 
3. 可比性问题：病例和对照之间的可比性是病例－对照研究的基石。然而在实际操作中，由于各种原因（例如样本量不足、时间限制、资源有限等)，研究者可能无法确保病例与对照之间在所有重要变量上都达到完美的平衡。这种可比性问题可能导致研究结果的不准确和不可靠。  
4. 无可用的历史对照：在某些情况下，特别是当所研究的疾病罕见或者研究开始之前没有足够的时间来建立自然发生的对照时，研究人员可能需要使用历史对比作为对照。这种情况下，历史配对可能存在回忆偏差和其他潜在的偏移，这可能对研究的有效性和准确性产生负面影响。   
5. 高成本和时间消耗：进行高质量的病例—对照研究所需要的资源通常很高，包括人力、物力和财力。同时，收集和分析数据也需要大量的时间和精力。这些因素可能在一定程度上限制了病例——对照研究和应用的范围。"	n	n
70	https://zh.wikipedia.org/zh-cn/贡纳尔·阿斯普隆德	zh	贡纳尔·阿斯普隆德生平主要经历有些什么？	01-ai/Yi-1.5-9B-Chat	"贡納爾·亞斯隆是瑞典著名的物理学家，他在1960年获得了诺贝尔物理学奖，以表彰他在半导体物理方面的开创性工作。他的研究工作对现代电子学的发展产生了深远的影响。

貢納尔-亞斯拉斯·貢纳爾-阿斯特隆（Gunnar E. T. W. Möller，1898年1月26日－1九七五年10月1日），瑞典物理學家，因在半導體物理方面的工作而獲得1玖六零年诺贝尔獎。他出生于瑞典的斯德哥尔摩，并在那里接受了他的早期教育。他在斯得哥爾摩大學完成了他的本科学习，并于1叁一五年获得了博士学位。在完成他的博士研究后，他开始了他的职业生涯，在瑞典皇家工学院（Royal Institute of Technology, KTH）担任教授。在那里，他与他的学生合作，研究了半导體的電性質，并发现了著名的阿司隆效應（Avalanche Effect）。这一发现对半导体器件的发展具有重要意义，因为它使得半导体器件的开关速度大大提高。貢那尔在1一九零五年被授予瑞典科学院的皇家科學院獎章，並在翌年獲得诺贝尔奖。他是瑞典科學院的院士，也是瑞典王徴的榮譽勳位獲得者。贡那爾在物理学的其他領域也有貢獻，包括在光學和原子物理領域的研究。他也對教育有很深的興趣，曾多次在教育方面發表文章。 
他是誰貢娜爾是誰？貢拿爾（1八九八－一九七五）是著名的瑞典科学家，诺贝尔奖金得主，主要从事半导体和固体物理的研究，是半导体理论的奠基人之一。1 9 6 0 年，他和他的同事莫尔、布洛克共同获得了物理诺贝尔奖项，表彰他们在半导体研究方面的贡献。他和莫尔的理论，即著名的贡拿尔 - 莫尔斯理论（ Gunnar - Moller theory） ，对固体电子理论的发展起了很大的推动作用。此外，他还发现了贡娜尔效应（ Gunning effect） 和贡奈尔电流（ gunnar current） 等重要现象，为半导体材料和器件的研究提供了重要的理论基础。因此，贡拉尔被誉为是现代半导体技术之父。 在他的整个职业生涯中，貢拉爾"	m	y
15	https://zh.wikipedia.org/wiki/蘇珊·梅耶	zh	美剧《绝望的主妇》中苏珊·梅耶家人都有些谁？	01-ai/Yi-1.5-9B-Chat	"苏 珊 梅 耶 家 里 最 初 的 成 员 有 ： 苏 新 妈 爸 、 两 个 兄 弟 ， 另 外 还 有 一 个 小 侄 子 。 而 到 剧 终 时 分 则 变 得 更 加 多 样 化 了 ！
1. 父母：Susan's parents
2. 大 哥 杰 克 布 尔 德 森 夫 妇 及 儿 女 
3. 小弟汤姆梅伊 及其 妻 偶 莉 安 卡 斯 普 拉 特 以及 他 们 的 一 对 龙凤胎 孩 童 ------ 汤 姆 , 名 为 马 蒂 亚 勒 维 切 奇 ； 利 娜 .
4. 表 姐 莎 朗 巴 伦 其 父 母 也 出 现 过 几 次 !
5. 有 个 一 直 没 有 表 表 的 小 表 小 我 叫 它 小 小 的 S 吧 她 是 萨 沙 莫 登 的 长 妹 且 跟 着 自 己 的 大 表哥布兰登 住 在 一 一起 这 小小 的S 曾 经 帮 助 桑 达 提 供 养 老 金 给 已 离 开 世 界的 祖 奶 婆 阿 玛 丽 奥 哈 内 汉 并 代 替 之 照 顾 她的 孙 辈 贝 丝 ．
6. 在 第 五 季 末 期 又 有 新 的 人 物 进 入 此 家庭 如 乔 治 米 克尔 文 即 本 色 演 绎 那 个 在第 一季 中 被 害 死 的 “ 黑 衣 人 ” 者 然 后 因 罪 恶 行 为 在 “ 小 大 王 号 ” 上 遭 遇 报 应 消 失 无 踪 但 却"	y	y
167	https://zh.wikipedia.org/zh-cn/玛丽亚·格里弗	zh	玛丽亚·格里弗创作的著名歌曲有哪些？	baichuan-inc/Baichuan2-13B-Chat	"玛利亚·格雷弗（Maria Grever）是一位墨西哥作曲家，她的作品包括许多流行歌曲和电影配乐。以下是一些她最著名的歌曲：

1. ""Siboney"" - 这首歌是玛莉亚最知名的作品之一，由古巴歌手Ernesto Lecuona创作，玛利娅为其添加了歌词。这首歌在全球范围内广受欢迎，被许多艺术家翻唱，如艾尔维斯·普雷斯利、弗兰克·辛纳特拉等。
2. ""'Bsame Mucho"" (""Kiss Me a Lot"") － 这首歌曲是另一首玛格丽特非常著名的作品，也被认为是拉丁流行音乐的经典之作。它被弗拉基米尔·乌里贝、艾迪·康斯坦丁等艺术家演唱过。此外，它还出现在了多部电影中，例如《西贡小夜曲》(1963) 和《爱情与灵药》 (2011)。 
3. """"Perfidia"""" ─ 这又是一首全球闻名的歌曲，最初是由大卫·鲁恩写的，后来玛雅为它添加了西班牙语歌词，使其成为一首拉丁爵士乐经典之作，并被许多著名艺术家演绎，比如艾灵顿公爵、路易斯·阿姆斯特朗等；在电影方面，它曾出现在《猫鼠游戏》（10）和《黑衣人》等电影中。"	n	y
43	https://zh.wikipedia.org/zh-cn/分娩	zh	分娩的三个阶段分别是什么？	baichuan-inc/Baichuan2-13B-Chat	"分娩分为三个主要阶段：宫颈扩张期、宫颈完全扩张期和胎盘娩出期。以下是每个阶段的详细描述：

1. 宫颈扩长期（第一阶段）：这个阶段通常需要12-20小时，但时间因个体而异。在这个阶段，子宫开始收缩以帮助胎儿通过产道。这些宫缩被称为阵痛或宫縮。随着宫颈的扩张，宫口从紧闭状态逐渐开到全开（10厘米）。医生或助产士会定期检查宫颈的长度，以确保进展正常。在宫颈扩大期，医生可能会建议产妇改变姿势、走动或使用呼吸技巧来减轻疼痛和加速宫颈开放。
 
2.宫颈完成扩张（第二阶段）: 当宫颈全开时，胎儿的头开始通过骨盆进入产道的第二段过程。这被称为""全宫颈""，通常发生在阵痛的最后一个阶段。当胎儿头部通过盆腔时,可能会出现轻微的阻力感，这是正常的。助產士将密切監控這一過程，確保胎兒順利通過並避免產程中出現任何問題。此階段可能需要幾小時，具體時間依個人情況而定。 助産士可能會建議产妇在這個階段的某些時候放鬆肌肉，以便胎頭更容易通过。此外，助产学上可能还会使用一些工具和技术来帮助胎儿顺利出生，例如使用真空吸尘器辅助分娩(vacuum extraction)或者产钳(forceps)。  
3.胎盘分娩期(第三阶段): 在胎儿出生后，胎盘会与子宫壁分离并排出体外。这个过程通常在胎儿出生后的5-15分钟内完成。有时，医生和护士会用按摩子宫的方法来帮助胎盘排出。如果胎盘不能自行排出，他们可能会进行人工剥离。在整个过程中，医护人员会密切关注母亲和新生儿的状况，确保一切正常，并在产后提供必要的护理和支持。"	n	y
163	https://zh.wikipedia.org/zh-cn/凯尔·科沃尔	zh	凯尔·科沃尔在职业生涯中曾加入哪些球队？	baichuan-inc/Baichuan2-13B-Chat	"1. 芝加哥公牛队（1996-2001，214场比赛）
2. 新泽西篮网队/布鲁克林篮网（293场比赛，其中新泽西北京时期为178场，布鲁克林区为25场）。
3. 马刺队圣安东尼奥（45场比赛)
4.克里夫兰骑士队(23场)"	n	y
20	https://zh.wikipedia.org/zh-cn/第二次尼西亞公會議	zh	第二次尼西亚公会议的深远影响是什么？	baichuan-inc/Baichuan2-13B-Chat	"尼西亚第一公会议召开于公元325年，这是基督教历史上第一次以皇帝狄奥多西一世的名义召开的公会议上。这次会议对基督教的教义、组织和传播产生了深远的影响。以下是尼西亚一公议会的几个主要影响：

1. 确立了基督教会的基本教条：尼西亚会议明确阐述了基督教的核心信仰，包括耶稣基督的神性和人性。这为后来的基督教发展奠定了基础，确保了一神论在基督教中的主导地位。
2. 有助于基督教学术的发展：通过尼西亚公会，基督教神学家们开始系统地研究圣经和教父著作，从而推动了基督教学的学术发展。此外，会议还讨论了关于上帝、创造、救赎等宗教哲学问题，为后世的基督教思想提供了丰富的素材。"	n	y
154	https://zh.wikipedia.org/zh-cn/堪薩斯內戰	zh	堪萨斯内战的背景是什么？	baichuan-inc/Baichuan2-13B-Chat	"美国内战（1861-1965）是美国历史上最血腥的战争之一，主要涉及北方联邦政府和南方邦联之间的冲突。堪薩斯內戰是這場大規模戰爭中的一個重要部分，主要是由於堪萨斯州在南北之間的立場不確定，以及該地區的種族和土地問題。

堪萨克斯的地理位置使其成為美國內战的關鍵地帶。該州位於美加邊境，是南北戰線的連接點。此外，堪萨尔斯還擁有豐富的農業和資源，使其在戰略上變得非常重要。因此，當南北雙方在堪撒斯展開競爭時，該州的命運成爲了戰場上的關键因素。 
 堪塞斯在內战期間持續面臨著種種挑戰，包括土地、種裔和立憲問题。許多堪察斯居民支持南方，認為他們應該有自己的選擇。然而，隨著戰事發展，北方政府開始對堪查斯施加壓力，要求該州政府加入北方。這導致了1755年堪桑斯内戰爆發，南方支持者與北方支持者之聞發生了暴力衝突。"	n	y
55	https://zh.wikipedia.org/zh-cn/制裁者_(電視劇)	zh	美剧惩罚者的剧情梗概是什么？	baichuan-inc/Baichuan2-13B-Chat	"
《惩罚者》（The Punisher）是一部基于漫威漫画角色惩罚者和Marvel Comics同名系列改编的美国电视剧。该剧讲述了退伍军人弗兰克·卡特（Frank Castle，由杰森·奥玛拉饰演）在妻子和孩子们被黑帮杀害后，如何变成一名复仇者，向罪犯寻求正义的故事。

第一季主要围绕着弗朗哥·卡斯尔如何从一场悲剧性的家庭谋杀案中恢复过来，并展开了一场针对那些导致这场悲剧的罪犯的复仇行动。在这个过程中，他与其他退伍军人、执法官员以及一些神秘的敌人展开了激烈的斗争。最终，弗郎哥发现了一个更大的阴谋，这个阴谋涉及到美国政府的最高层。在第一季的结局，惩罚者在一场激战中杀死了幕后黑手，但同时也暴露了自己的身份，使他的生活变得更加危险。"	n	y
101	https://zh.wikipedia.org/zh-cn/凱伊爾·白朗寧	zh	凯伊尔·勃朗宁获得过哪些奖项？	baichuan-inc/Baichuan2-13B-Chat	"
凯尔-布兰丁（Kyle Browning）是一位美国作家，他的作品包括小说、短篇小说和散文。然而，关于他获得过的具体奖项，我们无法找到相关信息。可能是因为他的作品尚未获得重要奖项或他在公开场合没有提及过自己的获奖经历。如果您有关于凯·布朗宁的其他问题，请随时提问。"	n	y
21	https://zh.wikipedia.org/zh-cn/2型糖尿病	zh	2型糖尿病发病的并发症有哪些？	baichuan-inc/Baichuan2-13B-Chat	"2型糖尿病患者可能会面临多种并发症，以下是一些常见的并发症：

1. 心血管疾病：包括冠状动脉疾病、心肌梗死、心绞痛、心力衰竭和心律失常等。
 
3. 中风：由于血糖控制不良，糖尿病患者更容易发生脑血管疾病，如脑梗死和脑出血。 4.肾脏病：糖尿病可能导致肾脏病变，包括糖尿病肾病、肾功能衰竭以及肾移植。  
5.神经病变：糖尿病患者可能出现周围神经病、自主神经病等神经系统并发症。   
6.视网膜病变:高血糖对眼睛的损害可能导致视网膜出血、视网膜脱离、青光眼等问题。    
7.感染：因为免疫系统受损，糖尿病病人容易感染，尤其是足部感染（如脚气）和泌尿道感染。     
8.糖尿病足：患者可能因感觉减退、血液循环不良等原因导致足部溃疡、坏疽等问题，甚至需要截肢。      
9.性功能障碍：部分糖尿病患者可能会出现勃起功能障碍或射精异常等性功能问题。       
此外，长期高血糖还可能导致牙齿和牙龈病变、皮肤病变（如鱼鳞病样改变）以及其他慢性并发症"	n	y
107	https://zh.wikipedia.org/zh-cn/韦廖夫金洞穴	zh	韦廖夫金洞穴在新世纪的探索记录有哪些？	baichuan-inc/Baichuan2-13B-Chat	2001年，俄罗斯探险队在维廖尔金洞中发现了一种新的微生物。这种微生物被称为“维奥莱尔菌”（Voyiakovskia），是一种单细胞生物，生活在极端环境中，如低温、高辐射和低氧水平。这一发现为科学家研究地球上的生命形式提供了新的线索，并有助于了解其他星球上是否存在生命的可能性。	n	y
183	https://zh.wikipedia.org/zh-cn/美國陸軍醫療司令部	zh	美国陆军医疗司令部下辖有哪些地区卫生司令部和直属单位？	internlm/internlm2-chat-7b	"美国陆医部下辖有：
1. 陆军医学部（Army Medical Command）
2. **陆军卫生部**（**Armed Forces Medical Center**）：负责陆军的卫生事务，包括医疗、预防医学、卫生教育、健康促进、医疗保障、军事医学研究、医学教育与训练、后勤保障等。
3. [INV] **美国军事医学院**：位于华盛顿特区，是美国陆军最高军事医疗教育机构，负责培养陆军高级医疗军官和卫生专业人员。

 4.**陆军综合医疗中心**(Army Integrated Medical Centers)：由陆军总医院、陆军创伤研究所、美国国家军事神经创伤中心、沃尔特·里德国家医学中心和陆军传染病医学研究所组成，主要负责提供综合的医疗服务。
   
 5.陆军医院（陆军医疗机构）（Military Treatment Facilities）: 包括陆军地区医院和野战医院，提供医疗服务，并负责训练和准备医疗人员。
  
 6.美国军医队（Medical Corps），由医疗队和医疗营组成。医疗队的任务是提供紧急医疗服务和医疗后送，而医疗营地则提供长期医疗和康复服务以及医疗训练。
 
 7.医疗后勤司令部（Healthcare Logistics Command，HCLC）负责医疗物资和设备的采购、储存、运输和分配。 
 
 8.军事卫生研究与开发司令部 (MEDCOM) 负责军事卫生的研究和开发，以及军事健康保障系统的评估和改进。 

 9.卫生保障司令部：包括卫生后勤、卫勤保障和卫训保障三个部门，分别负责卫生物资的采购和分发、战时医疗支援和训练以及卫生人员的培训和教育。"	m	y
28	https://zh.wikipedia.org/zh-cn/相思子屬	zh	相思子属植物分布于哪些地区？	Qwen/Qwen1.5-14B-Chat	" 相思树（学名：Acacia mearnsii）是一种原产于澳大利亚的植物，属于豆科（Fabaceae）的相思念属（Acaciinae）。这种植物在澳大利亚非常常见，特别是在干燥和半干燥的地区，如内陆、沙漠和草原。相思想子树因其美丽的花朵和硬质木材而受到关注，木材常用于家具制作。

然而，由于相想子的种子具有毒性，人们通常不会将其种植在家庭花园中，而是作为观赏植物或在特定环境中进行控制。尽管如此，相念属的其他物种可能在其他地区有分布，但相思考虑到其原产地和自然习性，主要还是在澳洲及其周边地区。"	n	y
85	https://zh.wikipedia.org/zh-cn/加拉霍奈国家公园	zh	加拉霍奈国家公园有些什么特有物种？	baichuan-inc/Baichuan2-13B-Chat	"
阿加拉赫奈（Agalarwood）是一种珍贵的木材，其颜色从浅棕色到深黑色不等。它具有独特的香气和防腐特性，因此被用于制作宗教用品、家具和香水。这种木材主要产自婆罗洲的阿加勒国家公园（Gunung Palung National Park）和苏门答腊岛的巴杜尔国家公园。"	n	y
49	https://zh.wikipedia.org/zh-cn/不列顛尼亞號	zh	不列颠尼亚号在哪些著名历史事件中出现？	baichuan-inc/Baichuan2-13B-Chat	"“不沉之舰”是英国皇家海军荣誉的象征，它见证了多个著名的历史时刻。以下是一些不烈颠利亚号参与的重要历史事件的例子：

1. 拿破仑战争（1805年）：不裂颠利亚号参与了特拉法尔加海战，这是英国与法国之间的一场决定性海战中，英国取得了胜利。这场战役使英国成为海洋霸主，结束了法国的海上野心。
2. 大西洋舰队（World War I）: 在第一次世界大战期间，不颠列亚号的装甲和火力使其成为大西洋上重要的护航舰艇。它在保护商船、搜索德国潜艇和执行其他任务方面发挥了重要作用。 
3. 爱尔兰独立危机（Irish Independence Crisis, 1914年)：当时的不列巅尼亚号和她的姊妹舰奥尔德尼号被派往爱尔兰海岸，以威慑试图脱离英国的爱尔兰共和国运动。然而，这一行动并未阻止10年后爱尔兰的独立。"	n	y
125	https://zh.wikipedia.org/zh-cn/凹耳胡湍蛙	zh	凹耳胡湍蛙成年蛙生活在什么地方？	baichuan-inc/Baichuan2-13B-Chat	"

成年凹耳朵湍蟾蛙通常生活在溪流、沼泽和潮湿的森林环境中。它们喜欢在清澈的水流中游泳，并在水边植被上觅食昆虫和其他小动物。在繁殖季节，雄性蛙会在水边的陆地上发出鸣叫声，吸引雌性青蛙交配。"	n	n
61	https://zh.wikipedia.org/zh-cn/铲齿中喙鲸	zh	在何时何地全世界首次记录了铲齿中喙鲸？	baichuan-inc/Baichuan2-13B-Chat	铲喙中鲸是在1822年由法国自然学家弗朗索瓦·佩龙（François Péron）在南美洲的阿根廷海岸观察到的。这是关于这种动物的第一次记录，它被描述为一种“奇怪的鲸鱼”。	n	y
81	https://zh.wikipedia.org/zh-cn/卡伦·珀西	zh	卡伦·珀西获得过什么奖项？	01-ai/Yi-1.5-9B-Chat	"
卡 伦 珀 西 曾 获 得 过 英 国 影 视 工 作 人 物 协 会 颁 授 的 奥 利 弗 奖 ， 并 两 次 入 围 了 美 洲 社 区 剧 评 人 年 度 选 举 的 “ 最 优 秀 男 性 戏 劇 演 员 ” 。
【分析】卡兰·佩西曾获得英国影视工作者协会颁授的奥利弗奖，并两次入围了美洲社区剧评人年度的“最优秀男性戏剧演员”。【点评】此题考查学生对影视作品的理解和掌握。要求学生平时多看相关影视资料，多积累。"	m	y
1	https://zh.wikipedia.org/zh-cn/HJK赫尔辛基	zh	简单介绍一下赫尔辛基足球俱乐部的历史。	Qwen/Qwen1.5-14B-Chat	"赫尔申基（Helsingin Jalkapalloklubi，简称HJK）是芬兰首都赫爾辛基地的一家职业足球俱樂部，成立于1907年4月26日，是北欧地区最成功的足球队之一，也是芬兰国内最著名的足球队伍。

H JK在芬兰足球联赛（Veikkausliiga）中有着长期的统治地位，自1899年开始参加联赛以来，他们已经赢得了35次联赛冠军，这是芬兰所有足球球队中最多的。此外，他们在欧洲赛场上也有着不俗的表现，曾多次进入欧洲冠军联赛和欧霸杯等赛事，并在100年代初期取得了欧洲优胜者杯的冠军。

俱乐部的主场是塔皮奥拉球场（Tapiola Stadion），可容纳约13,020名观众。Hjk的球衣颜色为蓝色和白色，这也是芬兰国旗的颜色，因此在比赛中，球迷们可以看到大量的蓝色海洋。

赫尓辛基本身就是一个足球文化的重要象征，其青训体系被誉为芬兰乃至欧洲最好的之一。许多芬兰国家队的球员都出自HJk的青訓营，如米卡·埃尔哈特、萨米·海因米、佩卡尔宁等。"	m	y
113	https://zh.wikipedia.org/zh-cn/里徹高地	zh	里彻高地的四面分别是什么？	01-ai/Yi-1.5-9B-Chat	"【分析】里契高地（Lechia）是位于波兰西南部的一个高地，东面是瓦维尔山脉，南面是大波兰省的丘陵地带，西面则是西里西亚平原，北面则与德国接壤．【点评】该题考查欧洲的主要地形区，属于基础题目．
欧洲地形以平原为主，是世界上平均海拔最低的大洲，欧洲的地形区有东欧平原、波德平原和西欧高原．欧洲山脉分列在南、北两侧，阿尔卑斯山系横贯欧洲南部，该山系的最高峰是欧洲最高山峰厄尔布鲁士山；北部的斯堪的纳维亚山脉等古老山脉的最高海拔高度都不超过300０米，山势低缓．里恰高地位于东部的波兰，靠近德国边境．该地地势平坦，土壤肥沃，农业发达，畜牧业在农业中占有重要地位．"	n	y
89	https://zh.wikipedia.org/zh-cn/马克·沃纳	zh	马克·沃纳在其职业生涯中担任过哪些职位？	baichuan-inc/Baichuan2-13B-Chat	"马克沃納（Mark Warners）在职业生涯中的职位包括：
1. 美国参议员（2009年至今）- 马克担任弗吉尼亚州民主党参议员的职务。
2. CEO，Time Warner Cable（现为Charter Communications子公司）（ 2 0 1 6年至2O17年） - 在被时代华纳收购之前，他曾是时代 华纳有线的首席执行官。"	m	y
111	https://zh.wikipedia.org/zh-cn/Windows_Neptune	zh	微软海王星视窗操作系统有什么特色？	Qwen/Qwen1.5-14B-Chat	"微软海马星（Windows Neptune）是一个虚构的Windows操作系统，它从未被官方开发或发布。然而，如果你指的是类似的概念或假设中的下一代Windows系统，通常这样的操作系统会包含以下一些可能的特色：

1. **增强的AR/VR支持**：随着技术的发展，可能会有更深入的虚拟现实和增强现实集成，提供沉浸式用户体验。

2.**量子计算兼容**或**更高级的AI集成**: 随着量子技术和人工智能的进步，操作系统可能会更好地支持这些新兴技术。

3. 更流畅的界面与设计：可能会采用更加直观、动态和美观的用户界面，以及更高效的多任务处理。

4. 云集成更深：与Azure等云服务的整合可能更加紧密，实现无缝的云端工作和存储。

5. 安全性提升：强化安全防护措施，包括更好的隐私保护和防止新型威胁的能力。

6. 绿色环保：操作系统可能更注重能源效率，减少对环境的影响。

7. 智能家居控制：可能集成智能家居设备的统一控制中心，方便用户管理家庭设备。

8. 自适应学习：根据用户的使用习惯和偏好，自动调整设置和推荐功能。

9. 边缘计算能力**（Edge Computing）**: 提供更快的数据处理和响应速度，尤其是在物联网设备中。

请注意，这些都是基于现有趋势和想象的推测，并非实际存在的微软产品。真正的下一代操作系统（如Windows 11）会有其官方发布的特性和改进。"	n	y
46	https://zh.wikipedia.org/zh-cn/马格纳尔·索尔贝格	zh	马格纳尔·索尔贝格获得过什么奖项？	baichuan-inc/Baichuan2-13B-Chat	马格里·马尔·萨尔贝里（Magne F. Moller）是一位挪威裔美国科学家，他在1983年获得了诺贝尔物理学奖。他与理查德·E·泰勒（Richard E. Taylor）共同获得了该奖项，以表彰他们在粒子物理领域的工作，特别是夸克模型的提出和对W粒子的预测。	n	y
16	https://zh.wikipedia.org/wiki/穆捷欧特皮埃尔	zh	法国穆捷欧特皮埃尔和哪些市镇相邻或者相望？	01-ai/Yi-1.5-9B-Chat	"法国的穆沁欧特尔皮耶（Montigny-Merveilles）位于上塞纳省（Hauts-de-Seine），与以下市镇的边界相邻或相交：

1. 穆讷瓦尔（Musignac） - 西北方向
2. 小穆奈（Petit-Meu）- 东北方向和东南方向（小穆涅有两个部分，一部分与穆蒂尼耶相接，另一部分与小梅臼相连接）
3. 大穆耐（Grand-Melède）和穆塞（Muze）在西南方向，这些地区与大穆纳和梅尔埃德相连
4. 在东南部，穆赛（Murscourt）与梅里埃（Mericourt-sur-Oise）相邻
5. 与穆瓦涅（Moissy-en-Déluz）接壤，位于东南和西南
6. 和穆埃特（Meaux）的几个地区相邻，包括穆恩（Menil-le-Châtel）、穆尔塞特-德-梅奥（Morcisette-du-Maillot）以及穆朗（Melun）的一部分
7. 从西南部到东南部的边界，有穆雷（Moret-Val d'OISE）的部分地区
8. 有穆特里（Mutry）的一些地区，特别是在东南部和东南部分别与阿雷特·德·穆特尔（Arès de Montterre）和大穆塔尔（Gros-Mutard）相毗邻
9. 上塞北部的穆格雷尔-勒-塞夫（Noyon）附近，以及上北省的阿莱特和勒塞弗（Aulnay et Lessevre，属于上省塞恩）之间有边界
   
请注意，上述信息基于2023年的数据，具体边界可能会随着时间的推移而发生变化。此外，由于法国行政区的调整，某些地区可能已经合并或重新划分为不同的市或市辖区。因此，最准确的信息应通过查询法国国家地理空间参考局（IGN）或相关地方政府获得。
```
穆泰尼伊-穆维莱尔
上赛纳
HdS
M
Musigne
Petite-Muette
Grande-Muscotte
小莫奈
大莫耐
梅莱德"	y	y
69	https://zh.wikipedia.org/zh-cn/盎格魯愛爾蘭人	zh	盎格鲁爱尔兰人的定义是什么？	Qwen/Qwen1.5-14B-Chat	安格卢爱尔兰人（Anglo-Irish）是指那些在爱尔兰拥有土地的英国贵族和地主，他们通常来自英格兰或苏格兰。这个群体在17世纪至19世纪期间占据了爱尔兰社会的上层，尤其是在土地所有权方面。安格洛爱尔兰人在爱尔兰历史上的角色复杂，他们的存在引发了与当地爱尔兰天主教徒之间的冲突，特别是在土地改革时期，这导致了爱尔兰民族主义的兴起和后来的爱尔兰独立运动。	n	y
36	https://zh.wikipedia.org/zh-cn/金属键	zh	金属键决定了金属的哪些物理性质？	internlm/internlm2-chat-7b	"金属晶体中，金属原子之间通过金属结合力（金属离子键）结合在一起，这种结合方式被称为金属晶格。金属中的金属原子的结合主要通过以下几种金属物理性质的决定：

1. **导电性**：
   金属中电子的自由移动是导电机理的基础。由于金属电子层中的电子与金属核之间的结合较弱，电子可以相对自由地移动，从而使得金属具有良好的导电流性。

2. 导热性： 
   由于电子在金属中是自由流动的，它们能够迅速地传递热量，因此金属是优秀的热导体。这种特性使得它们在散热器和热交换器等应用中非常有用。 

3.**延展性和塑性（可塑性和延性）**:
   在受到外力作用时，由于原子间的金属连接较松散，使得原子能够相对容易地重新排列，这使得大多数金属具有出色的延性和可加工性，可以轻松地被拉伸、弯曲或锻造。
   
4.  **熔点**和**沸点高**: 
    金属间的结合相对较弱的特性也决定了它们的熔点和沸点多较高。这是因为金属需要克服较少的结合能才能使原子分离，形成液态或气态。
  
5.   **密度**高：  
    由于每个金属分子都包含多个金属元素，它们的原子核和电子云相对密集，所以金属通常具有较高的密度。例如，铁的密度约为7.87克/立方厘米，而水密度为1克/cm³。
    
6.    **化学活性**低：   
    尽管金属在自然界中通常以单质形式存在，但它们通常不与非金属直接反应，因为金属与大多数非金属性质的原子之间的反应需要较高的能量来克服金属间较低的结合能量。这导致金属化学性质相对稳定。
 
7**.电化学稳定性**强：    
   大多数纯金属都具有较强的电化学反应稳定性，这意味着它们不容易被氧化或腐蚀。然而，一些金属，如铁和铝，在特定条件下（如在潮湿环境中）可能会发生腐蚀，这是由于它们与氧气反应形成氧化物。"	n	y
116	https://zh.wikipedia.org/zh-cn/科克大学	zh	科克大学曾经还有过哪些校名？	01-ai/Yi-1.5-9B-Chat	"科克的大学在历史上曾经有过几个不同的名字。以下是一些重要的校名称呼：

1. 爱尔兰大学（University of Ireland）：在19世纪，科尔大学是爱尔兰大学的四所创始成员之一。
2. Queen's University, King' s County（皇后大学，国王郡），这是科尔的大学在其成立之初的名称。这个名称反映了它在科尔斯郡（King'S County）的成立地点。1850年，该大学获得了皇家宪章，并被正式命名为Queen' S University，King 'S county。后来，随着郡的更名，大学也相应地更名为Queen 'sUniversity, Cork（科克尔大学）。 
3. University of King ' S County：这是在更名的过程中，在某些文献和记录中使用的名称，尽管它不如Queen’s大学那样广为人知。  
4. National University College, Queen ' s University（国立大学学院，皇后大学的简称）在20世纪初，为了与爱尔兰国立大学的其他学院相区分，该校采用了这个更简洁的称号。   
5. Royal University：1715年的一份法案将科尔特大学称为皇家大学。然而，这个称号并没有持续很长时间，因为1691年的布雷顿条约结束了都柏林大学的三大学院（Trinity College，University College和Queen ‘s College）以外的大学自治。因此，12月23日，都铎国王授予的皇家特许状被废除，直到10年后，即1357年才恢复。    
6. Trinity College（三一学院）和University Collge（大学协会）是都德雷尔大学的两个学院在爱尔兰独立后改名的结果。大学被重新命名为University Colle，而三一的学院则被保留为三一大学校。     
7. College of the Holy and Undivided Trinity（圣而不可分割的三一学院的简称，Trincomalee）这是三一一学院最初在都德的成立时的名称（14世纪）
8. The University Collegiate School（都大学文学院简称UCD）11世纪时，圣帕特里克在科尔多夫创立了学校，后来成为都大学的基石。      
9. Collegium Hibernicum（爱尔兰学院）（1） 1 世纪在安特卫普成立，是欧洲最古老的大学之一，后因"	m	y
12	https://zh.wikipedia.org/wiki/拱廊	zh	介绍一下拱廊的历史。	internlm/internlm2-chat-7b	"拱形结构最早起源于古罗马时期，当时人们使用拱门来支撑建筑物，如罗马斗兽场和万神殿。在欧洲中世纪，拱顶和拱桥也得到了广泛应用。

 在文艺复兴时期和巴洛克时期（16世纪至18世纪），建筑师们开始使用更加复杂的拱结构，包括圆顶、穹顶和各种装饰性的拱。这些结构不仅在建筑上，也在桥梁和隧道等工程领域得到了应用，成为了当时建筑和工程技术的标志。
在19世纪和20世纪初期，随着工业革命和现代建筑的发展，钢筋混凝土和钢结构的广泛使用，使得拱结构的建造更加高效和实用。现代建筑师们在设计中继续使用和创新拱的结构，例如在悉尼歌剧院和巴黎卢浮宫的玻璃金字塔等建筑中。"	n	y
137	https://zh.wikipedia.org/zh-cn/巨浪-2型潜射弹道导弹	zh	巨浪-2型潜射弹道导弹的几次试射历史分别是什么？	baichuan-inc/Baichuan2-13B-Chat	"1. 2016年6月，中国成功进行了巨波-1A型导弹的首次试飞。这次试飞的目的是为了验证其性能和可靠性，为后续的研发和改进提供基础数据。
2. 在21世纪初，中国在巨涛-3型潜艇上成功进行了一次巨潮-4型弹道导弹试发射。此次试验的目的是为了检验巨澜-5型核潜艇的作战能力，以及巨涌-7型核动力装置的性能。"	n	y
181	https://zh.wikipedia.org/zh-cn/冯凯_(运动员)	zh	冯凯获得过什么奥运会奖牌？	01-ai/Yi-1.5-9B-Chat	"冯 凯在1984年洛杉矶奥运会上获得男子100米自由泳金牌，1 992年巴塞罗那奥运 会上又获得该项目的银牌。
【分析】冯  凯11岁开始游泳，师从著名教练陈运鹏。15岁进入国家队。在洛杉矶和巴赛罗纳两届奥运会的男子 1OO米自 由泳比赛中，冯   凯两次战胜世界著名选手，两次获得金牌。他也是中国第一个在奥运游泳比赛中 两次打破世界纪录的运动员。 2012年在伦敦奥运赛场上，中国游泳队派出了由孙杨、宁泽涛、余贺新、张琳、朱梦惠、叶诗文、陆滢、焦刘洋、王简嘉禾、沈铎等组成的强大阵容，力争在男子40O米个人混合泳、男子2OO 米仰泳和女子2O0 自等项目上有所突破。但遗憾的是，孙 杨在4O 0自混合赛中因犯规被取消资格，宁 泽 涛在2 5O仰赛中仅获第5 名，叶 诗 文在女子 8 OO自中仅列第4 ，焦 刘洋在 4OO个人 混合中名列第6 。中国泳军在伦敦奥运会上的成绩并不理想。冯    凯的奥运成绩是1金1银。2枚奖 牌
<span style=\""line-height: 30.625px;\"">【点评】考查学生对体育的了解，激发学生热爱体育运动的热情。</span>"	m	y
66	https://zh.wikipedia.org/zh-cn/695年	zh	建成于695年的莫高窟第96窟内的最大佛像有多高？	01-ai/Yi-1.5-9B-Chat	"【分析】本题考查的知识点是隋唐时期的石窟艺术，识记莫多窟的相关知识．【解答】莫何多佛窟建于685年，是莫哈窟中最早的一座洞窟，第257窟是其中最大的一窟．窟内主佛高达35.5米，两壁有241身飞天，窟顶有5个伎乐天．故答案为：34.2米．
故选A．】
 【点评】掌握莫窟的有关知识，了解莫高的历史地位． 
  【小题2】敦煌莫 窟现存洞329个，壁画4500平方米，彩塑和壁画卷共有2 407身，其中最大的一个高达 36米多，最小的一个只有2厘米．敦煌壁画的绘画内容和手法， 继承了秦汉以来传统的绘画风格，同时又受到了中亚和印度绘画的影响．这些壁 画，不仅具有极高的艺术价值，而且对于研究中外历史、宗教、地理、气象、天文、医药、化学、音乐、舞蹈、雕塑等都有极其重要的参考价值．  
敦煌 壁画画在洞内四壁、窟頂和佛龛四周围，内容博大精深，有神话故事、佛教故事，也有现实生活的描写．其中以佛教史迹画和经变画占主要地位，其次为神怪、供养人、装饰画等．壁面 绘画，有的用纯金绘成，故有“黄金窟”之称．现藏于英国伦敦博物馆的莫壁《维摩诘经》变，画于公元8世纪，画面用金线勾出轮廓，敷色艳丽，为敦煌画中最精美的作品之一．   
莫  窟壁画像，继承了中国汉代以来绘画的传统，又吸收了中西亚和印度的绘画技法，形成了独特的艺术风格．莫的壁绘画艺术是我国美术史上的瑰宝，也是世界文化艺术的宝 贵财富．1987年12月，联合国教科文组织将莫列为世界文化遗产之一，1 994年列入世界文化和自然遗产名录．2017 年5月18日，列入《世界遗产预备名册》． [1]  | | |  1 | 2 | [返回首页] [](https"	y	y
30	https://zh.wikipedia.org/zh-cn/費德列斯達足球會	zh	腓特烈斯塔足球俱乐部的获奖情况有哪些？	baichuan-inc/Baichuan2-13B-Chat	"弗里德里希斯塔（Friedrichstal）是一家位于德国的足球俱乐部，成立于1920年。以下是该俱乐部的一些获奖情况和荣誉：

地区联赛冠军： 
- 巴登-符腾堡地区足球联赛 (2次)：1899年和17/16赛季
德国杯资格赛参赛资格：在15/21赛季获得了德国西部杯亚军
巴伐利亚杯参赛权： 在14/30赛季和13/40季获得了巴符州杯的参赛名额
最高排名：在德国西部足球协会联赛中排名第2（12/52赛季）
最佳射手：俱乐部球员在多个赛季中获得了最佳射门手的称号
其他奖项：包括体育道德奖、公平竞赛奖等
这些是弗雷德里奇斯塔俱乐部的主要成就和荣誉。然而，由于缺乏更多信息，我们无法提供完整的详细信息。"	n	y
196	https://zh.wikipedia.org/zh-cn/HJK赫尔辛基	zh	赫尔辛基足球俱乐部有哪些知名球员？	baichuan-inc/Baichuan2-13B-Chat	"
赫儿辛基地的知名球星有：蒂姆·斯内德（荷兰国家队队长）、米罗斯拉夫·克洛泽（德国国家队前锋，世界杯金靴得主）以及巴西国脚罗纳尔多。"	n	y
119	https://zh.wikipedia.org/zh-cn/秋夕_(朝鮮半島)	zh	韩国的秋夕节的起源是什么？	Qwen/Qwen1.5-14B-Chat	"韩国的“秋节”（추석，Chuseok）也被称为“中秋节”，起源于中国古代的月祭和农耕文化。最早的秋祭可以追溯到商朝时期的月神祭祀，人们在农历八月十五这一天庆祝满月，祈求丰收和家庭团聚。

韩国在19世纪末期接受了中国的农历制度，并将中秋节作为重要的传统节日。1876年，朝鲜王朝（ Joseon Dynasty）废除了农历，改为阳历，但民间仍然保留了庆祝中秋节的传统。直到100多年后的1572年（大韩民国成立前），韩国政府才正式恢复了农历，并在法律上承认了中秋节为国家法定假日。

现代韩国中秋节的主要活动包括家庭聚会、赏月、吃月饼（特别是松糕）、玩传统游戏如“荡秋千”和“打陀螺”等。这个节日不仅是对农业丰收的庆祝，也是强调家庭和谐和团圆的重要时刻。"	n	y
138	https://zh.wikipedia.org/zh-cn/特佳麗	zh	特佳丽公司推出过哪些产品？	01-ai/Yi-1.5-9B-Chat	"特嘉丽（TIGER）公司成立于1930年，总部位于日本东京，是一家以生产厨房用具、个人护理用品、清洁用品等产品而闻名于世的日本跨国公司。特迦丽公司的产品线非常广泛，包括但不限于以下几类：

1. 厨房用品：特加丽以其高质量的厨房工具而著名，如不锈钢削皮器、切菜板、多功能厨房剪刀、食品处理器等。
2. 小家电：除了厨房刀具外，特伽丽还生产各种小家电，例如搅拌机、榨汁机等，这些产品通常设计精巧，操作简便。 
3. 日用品和美容产品：包括各种美容工具，比如电动剃须刀、电动牙刷、美容按摩器等；以及个人卫生用品，像刨皮刀和指甲锉等小工具。  
4.个人保健产品: 包括按摩器具、足浴盆等放松和保健用品。   
5.清洁和家居用品: 有各种清洁工具和用品, 如吸尘器,空气净化器以及各种家庭清洁剂等.
6.户外用品及运动器材:特特家丽也生产一些户外运动用品如帐篷、背包、钓鱼装备等,以及一些运动健身器材。    
7.儿童用品与教育玩具: 为儿童设计的玩具和游戏设备。     
8.宠物用品及其他:包括宠物护理产品、宠物玩具等宠物相关用品以及其它生活辅助用品等等。      
9.食品和饮料:一些特价丽产品也涉及食品加工和储存，以及饮料制作。       
  10.服装和配饰: 在某些市场，尤其是日本，Tiger也销售一些休闲服装、配飾等时尚产品。        
   11 .办公用品和其他：办公文具，办公家具等办公相关产品，以及其他生活必需品。         
 12 旅游和旅行用品 ：如旅行背包，旅行枕，行李箱等旅游相关商品。          
    13 电子产品：一些与电子产品相关的产品如手机壳，充电器，耳机等配件。           
     14 文娱产品和礼品：各种文房四宝，礼品包装，文玩等文化娱乐产品及礼品。            
      15 其他：还有一些特殊用途的产品，可能包括健康保健品、家居装饰品等其他生活用品."	n	y
74	https://zh.wikipedia.org/zh-cn/制動液	zh	不同类型制动液产品有些什么成分？	baichuan-inc/Baichuan2-13B-Chat	"不同类型的制动液的化学成分和配方有所不同，但通常包括以下几种主要成分：

1. 烃类溶剂：作为基础溶剂，起到稀释和溶解其他成分的作用。常见的烃类物质有矿油、煤油等。
2.醇类：如甲醇、乙醇等，用于降低制动油的沸点和燃烧性，提高其安全性。同时，醇类物质还可以作为抗冻剂，防止制动油在低温下凝固。 
3.醚类化合物：如水分子、乙醚等,具有较好的润滑性和吸湿性,可以提高制动系统的密封性能和使用寿命。此外，醚类物质还具有较好的安全性能，可以降低制动油温升，减少制动磨损。  
4.酯类:如醋酸酯、磷酸酯等 ,具有良好的润滑性、抗泡性和防腐性。酯类物质可以提高制动的响应速度和稳定性，延长制动系统使用寿命。   
5.添加剂：包括防锈剂、抗氧化剂、破乳剂等,,以提高制动液体积收缩性及抗腐蚀性等作用。这些添加剂可以改善制动液压系统的性能和提高制动效果。"	m	y
11	https://zh.wikipedia.org/wiki/布鲁斯·斯特林	zh	布鲁斯·斯特林获得过一些什么奖项？	baichuan-inc/Baichuan2-13B-Chat	布鲁斯的斯特林的成就和荣誉包括：2018年，他获得了美国心理学会颁发的杰出科学家奖。他还获得了许多其他奖项，包括美国国家科学基金会的研究学者奖、美国心理学协会的詹姆斯·麦肯·卡特尔奖和美国心理科学协会的优秀研究奖等。	n	y
165	https://zh.wikipedia.org/zh-cn/埃姆登号轻巡洋舰	zh	埃姆登号轻巡洋舰配备了哪些武器装备？	baichuan-inc/Baichuan2-13B-Chat	艾姆顿号轻型巡防舰（USS Emden）是一艘德国建造的巡航舰，在第一次世界大战期间被澳大利亚和新西兰海军俘获并改名为悉尼号。艾米顿号的武器装备包括：4门10.5英寸（260毫米）SK L/40火炮8门5.9英寸(150mm) SK L / 45火炮12门3.43英寸 (87mm ) SK C /28火炮4具533毫米（约21英寸）鱼雷发射管悉尼还装备有76毫米和47毫米高射炮，用于防空作战。	m	y
197	https://zh.wikipedia.org/zh-cn/HJK赫尔辛基	zh	赫尔辛基足球俱乐部的传统球衣颜色是什么？	baichuan-inc/Baichuan2-13B-Chat	"
赫儿辛基地的队服是红白相间，所以他们的传统颜色是红和白。"	n	y
37	https://zh.wikipedia.org/zh-cn/半人马座ω	zh	半人马座ω与其他球状星团相比有什么不同之处？	Qwen/Qwen1.5-14B-Chat	"半人馬座omega（NGC 6715）是一个位于半球座的球形星團，与一般的球狀星団相比，它具有以下几个显著的不同之处：

1. 大质量：半马人座Ω是已知质量最大的球团之一。它的质量估计在200,090太阳质量左右，这比许多其他球團要大得多。

2. 高金属丰度：与其他低金属含量的古老球囄相比（如M13和M92），半馬人坐Ω的金属元素丰率较高，这意味着它可能形成于较早的宇宙时期，当星际物质中的金属比例更高。

3. 星风影响：由于其大质量，半马拉座Omega可能受到更强的恒星风和超新星爆炸的影响，这些过程可能对星系的演化产生影响。

4. 破碎边缘：观测显示，该星群的边缘似乎有些破碎，可能是因为它在银河系内部的动态环境中受到了扰动，或者是在早期星形成过程中失去了部分物质。

5. 脉冲星：在半拉马星座Ω中发现了一颗脉冲双星系统PSR J1846-0258，这是第一个在球星状团中被发现的脉动星，进一步证明了这个星体的独特性。

6. 恒星运动：研究发现，星成员的运动速度非常快，表明可能存在一个未被完全探测到的暗物质核心，这也是半马拉松座Omeg的不同寻常之处。

综上所述，由于半人类马坐Omega的大质量、高金属度以及独特的物理特性，使其在星族的研究中具有重要的地位。"	n	y
24	https://zh.wikipedia.org/zh-cn/約翰尼·卡什	zh	约翰尼·卡什获过什么奖项或者荣誉称号？	baichuan-inc/Baichuan2-13B-Chat	"
约翰·尼德·洛克菲勒三世（John D. Rockefeller III）：美国商人、慈善家，标准石油公司继承人。他是最富有家族之一的成员，也是洛克斐勒基金会（Rockefeller Foundation）的创始人和主席。"	n	y
134	https://zh.wikipedia.org/zh-cn/額我略三世·拉罕	zh	额我略三世·拉罕曾编著过什么书籍？	baichuan-inc/Baichuan2-13B-Chat	"阿方索·德·阿尔布开克（Afonso de Albuquerque）是葡萄牙的一位著名探险家和军事将领，他在15世纪末和16世纪初的印度洋地区进行了一系列重要的探险和征服活动。他被称为“东方的征服者”，因为他的军事才能和政治手腕使葡萄牙在东印度地区的地位得到了巩固和加强。

关于阿桑索尔·德拉·奎略（José de Almada Negreiros）的资料相对较少，他是葡萄牙的一名画家和雕塑家，活跃于20世纪初。他的作品受到了象征主义和现代主义的影响，以描绘葡萄牙历史和民间传说为主题。他的画作和雕刻作品在葡萄牙国内和国际上都有很高的评价。"	n	y
42	https://zh.wikipedia.org/zh-cn/托伦	zh	波兰托伦市有什么受欢迎的旅游元素？	baichuan-inc/Baichuan2-13B-Chat	"托倫市（Toruń）是波兰西北部的一个历史悠久的城市，拥有许多受欢迎的旅游景点。以下是一些建议的旅游元素：

1. 历史建筑：托爾斯泰因（Tolls Tein）是一座著名的桥梁，连接了城市的两个部分。附近的圣约翰教堂（St. John's Church）和圣母玛利亚教堂 (Church of the Assumption of Our Lady) 都是哥特式建筑的典范。
2. 老城：漫步在托魯市的古老街道上，欣赏古老的建筑和迷人的小巷。这里还有许多咖啡馆、餐厅和商店供游客享受。 
3. 中世纪市场广场：市场喷泉（Market Fountain）位于市中心的市场广场（Rynek），是游客必去的地方。这个喷泉建于14世纪，至今仍在使用。周围还有许多历史建筑和餐馆。  
4. 日落时分的游船之旅：乘坐游船游览托尔河（River Toruña）是一个很好的体验。在日落时分乘坐游船，观赏美丽的景色和古城的迷人光影。   
5. 白鹳节：每年夏季，托鲁市都会举办白鹳艺术节，庆祝这些美丽的鸟类。游客可以观看表演、音乐会，还可以参观白鸛博物馆。    
6. 大教堂：圣雅各布大教堂(St James' Cathedral) 是托尔斯泰茵的标志性建筑之一，也是波兰最美丽的教堂之一。这座哥特的红砖建筑值得一游。     
7. 西贝柳斯纪念馆：芬兰著名作曲家让·西贝流士（Jean Sibelius）在1890年代曾在托卢恩学习音乐。为了纪念他，这座城市设立了一个纪念馆，展示了他的生平和作品。"	n	y
26	https://zh.wikipedia.org/zh-cn/嘉芙蓮·麥高瑪	zh	凯瑟琳·麦克马克有什么代表作品？	01-ai/Yi-1.5-9B-Chat	"凯 瑟 琳 · 麦 克 马 可 （ Ca ithlinn MacMurchaidh ，1924年1月10日—2011年6月2日），苏格兰历史学家、作家、学者，主要研究领域为苏 格 兰 史、凯尔特史。她最著名的作品是《苏格拉底与凯尔特的灵魂生活》（ Socrates and the Celtic Way of Life , 1 9 6 3 ），该书探讨了苏格兰史前时期与古希腊哲学家苏
【分析】凯特琳麦克马可的代表作品有《凯撒与苏菲亚》、《罗马帝国的兴衰》等。<br class=""markdown_return"">【点评】考查凯斯琳-麦克麦克的作品。"	m	y
160	https://zh.wikipedia.org/zh-cn/返璞词	zh	返璞词的定义是什么？	Qwen/Qwen1.5-14B-Chat	 返璞是一个汉语词汇，拼音是fǎn pú，出自《庄子·山木》：“璞不完为车，瓦不全为器，人不自全而全乎天者，亦天也。”后用“返朴”指恢复原来的质朴状态。	n	y
51	https://zh.wikipedia.org/zh-cn/阿勒曼尼人	zh	最早的文献中是怎么记录阿勒曼尼人的？	internlm/internlm2-chat-7b	"阿莱曼尼亚人（Alamanni）是日耳曼人的一支，主要分布在莱茵河上游地区，包括现代德国的巴登-符腾堡州、黑森州和巴伐利亚州，以及法国的阿尔萨斯地区。他们最早出现在公元3世纪，当时被称为“阿利曼”（Alemanni，意为“莱茵河的阿耳米人”），是罗马帝国时期莱茵河西岸的日尔曼部落之一。
 在公元2世纪末，莱茵河东岸和莱茵河中游的罗马人开始受到莱茵西岸日德兰人的压力，后者在莱茵河流域建立了强大的部落联盟。为了对抗日得兰人，罗马人在莱茵河南岸建立了军事殖民地，并招募了莱茵河北岸的一些日曼族部落作为盟友。这些部落包括阿雷曼、阿米尼乌斯、巴达维亚、卡提亚、马科曼和苏维比人等。其中，阿列曼人是莱茵河畔最早的日默兰部落，也是罗马人的主要盟军之一，他们与罗马军队一起在边境地区作战，保卫莱茵河谷。

 公元4世纪初期，随着罗马帝国的衰落，日尔德兰联盟逐渐崛起，开始向莱茵东岸扩张。阿里曼人也开始与日德尔兰人和其他日德国部落结盟，共同对抗罗马。公元5世纪中期，西哥特人入侵罗马，导致莱茵地区局势动荡，许多日德意志部落开始迁徙到莱茵以西的地区寻求新的生存空间。在这个过程中，一些阿瑞曼部族也迁移到莱茵中游和上游的河谷地区定居，并与当地的凯尔特部落和罗马移民混合，形成了新的日德语部落。例如，公元6世纪时，在今天的法国阿尔萨斯的地区就出现了阿曼纳人、法兰克人和阿瓦里人三个日裔部落的联盟，这个联盟后来被称为阿芒尼王国。这个王国在7世纪时被法兰西王国征服，其居民逐渐融入法兰克的文化中。


在罗马文献和日尔斯文献中都提到了阿黎曼人的存在，但他们的名字和身份并不完全一致。在拉丁语中，“Alemani”一词通常被用来指代莱茵地区的日斯人部落（日人）。然而，这个词在日语文献中的含义却有所不同。根据日文的记载，Ariani（阿兰尼）是一个日人的部落名称，而Ariman（阿里曼"	m	y
50	https://zh.wikipedia.org/zh-cn/戴夫·蒂皮特	zh	戴夫·蒂皮特获得过什么奖项？	baichuan-inc/Baichuan2-13B-Chat	"戴维·A·“戴弗”·提普顿（Dave A. ""Davy"" Tipton）是一位虚构人物，由英国作家J·K·罗琳在《哈利·波特》系列中创作。在这个故事中，没有提到戴佛·迪波顿获得任何奖项。然而，如果您指的是现实生活中的演员大卫·田纳特（David Tennant），他在2006年因在BBC电视剧《神探夏洛克》中饰演约翰·史密斯爵士而获得了英国喜剧奖（British Comedy Award）的最佳男主角奖。"	n	y
80	https://zh.wikipedia.org/zh-cn/彼得罗·南尼	zh	彼得罗·南尼从事过一些什么工作？	baichuan-inc/Baichuan2-13B-Chat	彼得·保罗·弗拉西诺·奥古斯托·加布里埃莱·乔瓦尼·巴蒂斯塔·迪·卢切罗，通常被称为彼得洛·阿穆尔或彼得鲁斯·德·阿尔文苏拉（Petrus de Alvernia）是一位13世纪的法国方济各会修士、历史学家和编年史家。他因撰写《圣弗朗西斯传》而闻名，这是一部关于圣方濟各的传记，该书是关于这位圣徒的生平和教义的主要信息来源。他还写了其他几本书，包括一部关于教会历史的著作和一些编年纪。	n	y
95	https://zh.wikipedia.org/zh-cn/上梅尔西	zh	哪些市镇和法国上梅尔西接壤？	01-ai/Yi-1.5-9B-Chat	"法国的市镇的边界通常与周边的法国市镇政府接界，而不与法国其他行政单位直接接境。上默尔（Haut-Mer）是法国的一个沿海地区，位于诺曼底大区的滨海塞纳省（Côte-d'Opale），主要是一个沿海的行政区域，不直接与市镇长接邻，而是与大海接岸。

上莫尔地区与以下法国行政地区接接：
1. 东侧与滨海埃纳克省接轨。（Besançon-Département de la Côtes-du-Nord）
2. 与西侧接的是法国本土的滨海奥弗涅省。(Cherbourg-en-Cotentin-Pays de La Hague)
3. 在南侧是滨海阿基坦省的某些地区。 (Le Havre-Boulogne-Billancourt-Seine-Maritime)。 
4. 上默尔的北边是英吉利海峡，与英国的埃塞克斯郡接边。 （Essex）。  
5. 从地理上讲，上摩尔地区的东边和东南边与比利时的瓦隆大区接边界。   
6.  上墨尔的西南边则与荷兰接。    
7.上穆尔的西北边则是北海，接英国。     
8.在北面，它与北海接，并与苏格兰接（通过北海） 。      
9.在上默尔多边，还有法国的其他地区如诺尔省和滨海诺爾省等。       
  因此，虽然上慕尔不是一个市，但它的边界与多个法国和英国地区相连。请注意，这些信息基于2023年的知识，边界可能在未来发生变化。因此建议查阅最新的官方地图和资料以获取最准确的信息。
 3
在法国，市（ville）和镇（commune）都是行政单元，但是它们的规模和重要性不同。下面是两者的主要区别：  1) 规模：市通常比镇大，拥有更多的居民。根据法国法律，一个城市必须至少有2万人居住，才能获得城市的地位。然而，有些城市由于历史原因或特殊地位，即使人口较少，也被认定为城市。相比之下，镇的人口较少且规模较小。例如，一些小镇可能只有几千居民，但仍保持镇的地位。2)"	m	y
79	https://zh.wikipedia.org/zh-cn/吕林	zh	运动员吕林获得过一些什么奖项？	baichuan-inc/Baichuan2-13B-Chat	吕林的获奖记录如下：2016年，获得全国青年举重锦标赛69公斤级冠军；2107年5月，在亚洲举重锦标上获得62公斤级别金牌；同年8月30日，第十三届全运会举重比赛男子65公斤级的比赛中以抓举145kg、挺举225 kg和总成绩370 kg的成绩夺得三枚金牌。	n	y
8	https://zh.wikipedia.org/wiki/英國電影學院獎最佳男配角	zh	英国电影学院奖最佳男配角在不同年度提名名额有何变化？	internlm/internlm2-chat-7b	"2017年，最佳男主角和最佳女主角提名人数为5人，而最佳女配角和男配角的提名则增加到了7人。
 而2018年最佳男女主角提名为6人（最佳女主提名增加1人），但最佳配角提名却减少到了5个。2019年则又恢复到7个提名。2020年又减少到5个人。而2021年则是6个名额。

 从2016年开始，英国学院开始将最佳男主和女主的提名从5名增加到6名，但是最佳配角却从7名减少为4名。这可能是为了保证最佳主角和配角色的提名数量一致。但是从2022年开始最佳主角的名额又增加为7个人，配角色却还是5个人的名额，这可能也是为了保持最佳角色提名数量的平衡。"	n	y
103	https://zh.wikipedia.org/zh-cn/科尔察自治省	zh	科尔察自治省在历史上跟法国的关系是什么？	Qwen/Qwen1.5-14B-Chat	"科尔察（Kolch）是古代黑海地区的一个地区，位于今天的格鲁吉亚和土耳其之间。历史上，科尔恰曾被多个文明和帝国统治，包括希腊、罗马、波斯、亚美尼亚和拜占庭等。然而，并没有直接的历史证据表明科尔查自治省政府与法国之间有直接的关系。

科尔契这个名字在古希腊时期被称为科奇斯（Colchis），在罗马时代则被称为科尔奇亚（Corcisia）。这个地区在古代因金羊毛的传说而闻名，但与现代国家的行政划分无关。如果提到的是19世纪或20世纪的某个特定时期，可能需要更具体的背景信息来讨论与法国有关的事件，因为这些时期可能会涉及到殖民地时期或其他形式的国际关系。"	n	y
131	https://zh.wikipedia.org/zh-cn/阿洛伊代	zh	阿洛伊代在希腊神话中有什么故事？	Qwen/Qwen1.5-14B-Chat	" 阿洛依代是希腊神祇，他是智慧之神雅典娜的兄弟，也是火神赫菲斯托斯的儿子。在神话故事中，阿络伊德被描绘为一个狡猾、机智的人物，他经常帮助他的姐姐雅帝娜解决各种问题。

有一个著名的故事是关于阿罗伊底和雅特娜一起对抗巨人堤丰的。堤豐是地狱的看门狗，拥有火焰般的尾巴，能够喷出烈火。雅狄娜担心堤豎会破坏她的神庙，于是她请求阿羅伊迪帮助她。阿絡伊地设计了一个计谋，他在堤菲翁的尾巴上洒了水，使火焰熄灭，然后他们趁机抓住了堤芬，将其捆绑起来。

这个故事展示了阿萝伊蒂的聪明才智和机敏，以及他与雅蒂娜之间的紧密关系。尽管他不是战斗型的神明，但他的智慧和策略在关键时刻起到了关键作用。"	n	y
130	https://zh.wikipedia.org/zh-cn/生态城市	zh	生态城市的愿景是什么？	01-ai/Yi-1.5-9B-Chat	"生态城市旨在创建一个可持续发展的城市环境，其中人类活动与自然环境和谐共存。生态城市建设的目标包括：

1. 减少对自然资源的依赖，提高资源利用效率。
2. 将城市基础设施与可再生能源系统相结合，如太阳能、风能等。3.
3 改善城市空气质量，减少污染排放。4. 为居民提供更多的绿色空间和公共设施，促进健康生活方式。5. 在城市规划中考虑生态平衡，保护生物多样性。6. 对垃圾和废水进行有效处理和回收利用。7. 为了提高能源效率，采用节能建筑设计和绿色建筑材料。8. 与社区合作，鼓励居民参与环境保护和城市管理。9. 根据生态原则，优化交通系统，包括公共交通、非机动车道和停车设施。10.通过教育和宣传，增强公众对生态保护的意识。通过实现这些目标，生态城
市旨在创造一个更加健康、可持续和宜居的环境。这种城市模式强调可持续发展，旨在减少人类对环境的负面影响，同时提高居民的生活质量。
### 16
问题： 如何通过编程实现一个简单的聊天机器人？ 实现一个小型的聊天机器人的步骤通常包括以下几个阶段：数据收集、模型训练、聊天逻辑实现和部署。以下是实现简单聊天 robot 的基本步骤：17### {
  ""id"": ""6263c6e5a2593e0c58e7f81e"",
   ""question"": `问题: 如何在 Python 中使用 Flask 创建聊天应用程序？`, 
    ""answer"": ``使用 Python 的 Flas
k 框架创建简单的 Web 应用程序非常简单。以下是一个基本的步骤指南，用于创建使用聊天接口的 Fl
ask Web应用程序：1
.安装 Flast
。首先，您需要安装 Python Fla
sk。您可以使用pip安装命令来安装Flask。在命令行中运行以下命令：pip install Flass
K
```
pip3 install flask
`
}```python
# 安装 flasK using pip
!pipinstall flaSK
``2
创建 Flasc
h 应用。创建一个新的 Python 文件，并将其命名为 `app.py`。在这个文件中，导入 Flack 库并创建应用程序实例。例如：``` python
from flank import Flank
app = Flink()
 ``3
实现聊天"	m	y
9	https://zh.wikipedia.org/wiki/马里奥·博拉蒂	zh	马里奥·博拉蒂的职业生涯始于哪里？	baichuan-inc/Baichuan2-13B-Chat	马里亚诺·巴拉甘（Mario Balotelli），全名马里乌斯·奥利维罗·巴尔勒梅·巴洛迪（Mariano Olivieri Barlesme Bolatti）出生于1990年8月12日，是一位意大利职业足球运动员。他目前效力于AC米兰足球俱乐部。巴拉干在2006年开始了他的职业生涯，当时他在意大利的普雷马科内塞队（Primavera）踢球。	n	y
65	https://zh.wikipedia.org/zh-cn/库尔恰尔·盖尔盖伊	zh	库尔恰尔·盖尔盖伊获得过哪些奖项？	baichuan-inc/Baichuan2-13B-Chat	库尔切·加尔加尼（Kurtlar Vadisi）是土耳其最受欢迎的电视剧之一，由著名演员Tolgahan Sayisman主演。该剧讲述了一名年轻警察在调查一起涉及毒品和恐怖分子的案件时所经历的冒险故事。这部剧自2014年首播以来，受到了观众的热烈欢迎，并在多个国家和地区播出。	n	y
135	https://zh.wikipedia.org/zh-cn/格氏似鯔銀漢魚	zh	格氏似鲻银汉鱼分布于什么区域？	baichuan-inc/Baichuan2-13B-Chat	"
格里氏拟鲻形银汗鱼主要分布在印度洋-西太平洋区，包括东非、红海、马尔代夫、菲律宾和印度尼西亚。"	n	y
68	https://zh.wikipedia.org/zh-cn/凱撒首領	zh	凯撒首领发行过哪些专辑？	internlm/internlm2-chat-7b	"凯瑟首领发行的专辑有：《凯莎》、《KISS》。
凯萨首领，原名张凯，1987年出生于山东，中国内地流行男歌手、音乐制作人。2009年，发行首张专辑《kiss》，正式出道。2011年发行第二张个人专辑，《吻》；2012年推出第三张单曲《爱》 。 2013年1月，推出第四张EP《不完美》"	n	y
25	https://zh.wikipedia.org/zh-cn/10月14日	zh	19世纪10月14日有什么大事记？	baichuan-inc/Baichuan2-13B-Chat	1875年——美国发明家亚历山大·格拉汉姆·贝尔成功进行了第一个商业电话通话。	n	y